customer_id,recency_days,frequency,monetary,cluster,rfm_segment_kmeans
CUST-0362,12,12,48.75,0,Loyal Customers
CUST-0797,4,6,59.45,2,Potential Loyalists
CUST-0581,8,18,52.65,1,Champions
CUST-0434,1,15,70.1,1,Champions
CUST-0417,3,10,42.2,2,Potential Loyalists
CUST-0113,10,12,55.4,0,Loyal Customers
CUST-0771,11,19,71.8,1,Champions
CUST-0761,12,11,22.45,0,Loyal Customers
CUST-0262,10,11,40.2,0,Loyal Customers
CUST-0517,5,12,62.2,1,Champions
CUST-0003,8,16,68.25,1,Champions
CUST-0323,13,6,27.05,3,At-Risk / Lapsed
CUST-0103,14,18,58.65,1,Champions
CUST-0153,17,13,46.65,0,Loyal Customers
CUST-0312,17,8,31.7,0,Loyal Customers
CUST-0169,3,11,34.9,2,Potential Loyalists
CUST-0154,7,10,28.05,0,Loyal Customers
CUST-0751,3,13,42.3,1,Champions
CUST-0284,10,8,47.7,0,Loyal Customers
CUST-0528,1,10,47.95,2,Potential Loyalists
CUST-0194,8,12,34.75,0,Loyal Customers
CUST-0081,0,18,70.6,1,Champions
CUST-0034,25,9,30.95,0,Loyal Customers
CUST-0722,0,14,61.35,1,Champions
CUST-0424,1,17,80.95,1,Champions
CUST-0247,0,12,54.1,2,Potential Loyalists
CUST-0490,15,7,50.7,0,Loyal Customers
CUST-0158,11,14,43.05,0,Loyal Customers
CUST-0657,2,14,77.05,1,Champions
CUST-0645,3,11,37.65,2,Potential Loyalists
CUST-0578,5,13,35.4,0,Loyal Customers
CUST-0336,2,8,38.75,2,Potential Loyalists
CUST-0203,8,10,43.2,0,Loyal Customers
CUST-0129,15,8,55.75,0,Loyal Customers
CUST-0598,9,9,27.35,0,Loyal Customers
CUST-0263,16,6,12.45,3,At-Risk / Lapsed
CUST-0662,2,6,19.85,3,At-Risk / Lapsed
CUST-0412,16,12,59.35,0,Loyal Customers
CUST-0222,13,6,19.7,3,At-Risk / Lapsed
CUST-0357,24,9,40.5,0,Loyal Customers
CUST-0752,13,9,44.0,0,Loyal Customers
CUST-0233,7,6,10.75,3,At-Risk / Lapsed
CUST-0822,3,14,59.15,1,Champions
CUST-0531,8,9,24.15,3,At-Risk / Lapsed
CUST-0557,3,10,38.35,2,Potential Loyalists
CUST-0576,16,6,17.6,3,At-Risk / Lapsed
CUST-0301,8,7,20.95,3,At-Risk / Lapsed
CUST-0132,0,8,29.75,2,Potential Loyalists
CUST-0227,16,6,42.85,3,At-Risk / Lapsed
CUST-0174,21,4,15.0,3,At-Risk / Lapsed
CUST-0009,1,18,60.9,1,Champions
CUST-0327,29,8,39.1,0,Loyal Customers
CUST-0845,6,10,39.4,0,Loyal Customers
CUST-0161,6,15,91.2,1,Champions
CUST-0489,7,13,52.5,1,Champions
CUST-0604,7,11,48.15,0,Loyal Customers
CUST-0510,2,16,56.4,1,Champions
CUST-0238,1,16,53.95,1,Champions
CUST-0032,10,10,34.1,0,Loyal Customers
CUST-0515,3,11,38.35,2,Potential Loyalists
CUST-0700,6,12,44.9,0,Loyal Customers
CUST-0620,2,15,47.9,1,Champions
CUST-0250,2,15,68.3,1,Champions
CUST-0226,11,12,37.45,0,Loyal Customers
CUST-0522,13,11,47.6,0,Loyal Customers
CUST-0639,1,9,55.45,2,Potential Loyalists
CUST-0842,1,13,36.55,2,Potential Loyalists
CUST-0566,27,8,23.4,3,At-Risk / Lapsed
CUST-0086,4,13,68.7,1,Champions
CUST-0127,1,10,55.3,2,Potential Loyalists
CUST-0801,7,10,61.55,0,Loyal Customers
CUST-0291,25,6,22.45,3,At-Risk / Lapsed
CUST-0569,5,14,68.9,1,Champions
CUST-0637,0,6,28.25,2,Potential Loyalists
CUST-0430,6,12,43.55,0,Loyal Customers
CUST-0714,11,9,49.9,0,Loyal Customers
CUST-0028,1,11,58.95,1,Champions
CUST-0147,15,11,63.8,0,Loyal Customers
CUST-0433,4,10,41.15,0,Loyal Customers
CUST-0139,1,14,53.55,1,Champions
CUST-0354,17,9,43.05,0,Loyal Customers
CUST-0826,12,9,48.75,0,Loyal Customers
CUST-0033,40,6,47.8,0,Loyal Customers
CUST-0208,14,13,42.6,0,Loyal Customers
CUST-0256,12,7,20.85,3,At-Risk / Lapsed
CUST-0288,9,9,35.35,0,Loyal Customers
CUST-0157,8,14,59.8,1,Champions
CUST-0406,0,10,48.4,2,Potential Loyalists
CUST-0066,6,11,42.15,0,Loyal Customers
CUST-0666,13,12,41.8,0,Loyal Customers
CUST-0207,28,7,28.65,3,At-Risk / Lapsed
CUST-0223,20,10,84.85,0,Loyal Customers
CUST-0395,1,12,71.25,1,Champions
CUST-0319,4,10,31.25,2,Potential Loyalists
CUST-0644,2,11,55.45,1,Champions
CUST-0333,0,10,52.9,2,Potential Loyalists
CUST-0386,0,9,51.0,2,Potential Loyalists
CUST-0266,6,9,36.25,0,Loyal Customers
CUST-0351,10,6,32.35,3,At-Risk / Lapsed
CUST-0330,1,16,53.3,1,Champions
CUST-0731,2,9,29.45,2,Potential Loyalists
CUST-0795,2,7,32.3,2,Potential Loyalists
CUST-0180,0,10,29.95,2,Potential Loyalists
CUST-0607,6,12,40.3,0,Loyal Customers
CUST-0563,11,9,58.1,0,Loyal Customers
CUST-0503,0,13,59.25,1,Champions
CUST-0072,14,9,44.7,0,Loyal Customers
CUST-0054,21,5,21.9,3,At-Risk / Lapsed
CUST-0241,6,18,83.8,1,Champions
CUST-0635,1,13,50.95,1,Champions
CUST-0085,3,9,28.65,2,Potential Loyalists
CUST-0346,0,17,71.2,1,Champions
CUST-0564,30,5,11.9,3,At-Risk / Lapsed
CUST-0378,5,11,40.05,0,Loyal Customers
CUST-0038,1,14,64.3,1,Champions
CUST-0380,0,14,37.5,2,Potential Loyalists
CUST-0552,1,13,86.5,1,Champions
CUST-0585,4,12,61.35,1,Champions
CUST-0308,12,13,49.0,0,Loyal Customers
CUST-0606,0,10,35.45,2,Potential Loyalists
CUST-0042,1,12,55.5,1,Champions
CUST-0778,7,14,63.85,1,Champions
CUST-0590,17,9,29.05,0,Loyal Customers
CUST-0609,8,9,33.9,0,Loyal Customers
CUST-0299,0,11,34.95,2,Potential Loyalists
CUST-0841,2,8,28.15,2,Potential Loyalists
CUST-0408,14,11,49.4,0,Loyal Customers
CUST-0112,2,14,48.5,1,Champions
CUST-0687,12,10,53.2,0,Loyal Customers
CUST-0058,3,10,48.7,2,Potential Loyalists
CUST-0200,17,13,41.95,0,Loyal Customers
CUST-0508,1,13,58.1,1,Champions
CUST-0532,7,10,45.55,0,Loyal Customers
CUST-0748,0,9,65.55,2,Potential Loyalists
CUST-0341,14,10,44.1,0,Loyal Customers
CUST-0026,5,5,12.1,3,At-Risk / Lapsed
CUST-0120,1,9,51.55,2,Potential Loyalists
CUST-0002,4,12,60.95,1,Champions
CUST-0363,1,11,44.4,2,Potential Loyalists
CUST-0710,4,10,46.15,0,Loyal Customers
CUST-0491,1,12,45.0,2,Potential Loyalists
CUST-0421,3,5,16.5,3,At-Risk / Lapsed
CUST-0313,11,8,18.35,3,At-Risk / Lapsed
CUST-0847,1,10,60.65,2,Potential Loyalists
CUST-0246,8,14,75.45,1,Champions
CUST-0084,8,8,36.9,0,Loyal Customers
CUST-0109,4,10,28.1,2,Potential Loyalists
CUST-0545,13,7,34.7,3,At-Risk / Lapsed
CUST-0410,3,7,31.8,2,Potential Loyalists
CUST-0805,19,12,34.7,0,Loyal Customers
CUST-0071,2,11,70.6,1,Champions
CUST-0254,14,8,44.2,0,Loyal Customers
CUST-0685,30,8,41.3,0,Loyal Customers
CUST-0632,0,12,66.95,1,Champions
CUST-0815,20,7,21.95,3,At-Risk / Lapsed
CUST-0694,10,7,37.15,0,Loyal Customers
CUST-0767,1,11,40.2,2,Potential Loyalists
CUST-0460,1,5,25.4,3,At-Risk / Lapsed
CUST-0448,5,13,64.5,1,Champions
CUST-0258,21,6,40.8,3,At-Risk / Lapsed
CUST-0702,2,11,36.45,2,Potential Loyalists
CUST-0831,33,3,10.95,3,At-Risk / Lapsed
CUST-0472,8,11,27.6,0,Loyal Customers
CUST-0325,4,10,37.05,2,Potential Loyalists
CUST-0198,14,16,64.6,1,Champions
CUST-0001,11,14,56.8,0,Loyal Customers
CUST-0478,4,13,73.0,1,Champions
CUST-0500,11,8,40.9,0,Loyal Customers
CUST-0018,0,19,120.85,1,Champions
CUST-0031,7,15,56.0,1,Champions
CUST-0567,3,8,32.85,2,Potential Loyalists
CUST-0128,1,13,39.15,2,Potential Loyalists
CUST-0216,5,8,34.85,0,Loyal Customers
CUST-0617,5,14,40.85,1,Champions
CUST-0237,12,8,26.05,3,At-Risk / Lapsed
CUST-0149,4,10,26.5,2,Potential Loyalists
CUST-0677,5,14,55.4,1,Champions
CUST-0459,12,10,42.6,0,Loyal Customers
CUST-0821,0,9,36.65,2,Potential Loyalists
CUST-0548,3,8,24.65,2,Potential Loyalists
CUST-0844,0,16,63.3,1,Champions
CUST-0397,12,13,58.9,0,Loyal Customers
CUST-0486,1,10,43.5,2,Potential Loyalists
CUST-0611,21,6,25.85,3,At-Risk / Lapsed
CUST-0624,6,13,50.75,1,Champions
CUST-0716,0,10,37.55,2,Potential Loyalists
CUST-0248,1,11,55.0,2,Potential Loyalists
CUST-0105,11,9,53.25,0,Loyal Customers
CUST-0829,20,9,33.35,0,Loyal Customers
CUST-0438,3,8,35.6,2,Potential Loyalists
CUST-0595,11,11,37.0,0,Loyal Customers
CUST-0055,6,9,38.3,0,Loyal Customers
CUST-0465,6,12,56.75,1,Champions
CUST-0647,8,12,50.4,0,Loyal Customers
CUST-0573,8,17,83.7,1,Champions
CUST-0849,3,14,45.6,1,Champions
CUST-0599,1,8,19.2,2,Potential Loyalists
CUST-0471,15,10,53.05,0,Loyal Customers
CUST-0480,20,7,21.2,3,At-Risk / Lapsed
CUST-0030,7,11,36.4,0,Loyal Customers
CUST-0521,24,9,28.4,0,Loyal Customers
CUST-0015,1,7,27.05,2,Potential Loyalists
CUST-0455,11,9,46.3,0,Loyal Customers
CUST-0048,2,10,37.4,2,Potential Loyalists
CUST-0099,2,13,82.0,1,Champions
CUST-0044,1,9,48.2,2,Potential Loyalists
CUST-0060,2,8,22.15,2,Potential Loyalists
CUST-0017,7,5,30.85,3,At-Risk / Lapsed
CUST-0393,10,9,46.5,0,Loyal Customers
CUST-0353,1,10,55.5,2,Potential Loyalists
CUST-0392,8,6,36.9,3,At-Risk / Lapsed
CUST-0138,0,13,54.25,1,Champions
CUST-0104,3,12,62.05,1,Champions
CUST-0340,20,6,24.2,3,At-Risk / Lapsed
CUST-0775,1,16,75.2,1,Champions
CUST-0447,15,10,32.2,0,Loyal Customers
CUST-0525,6,7,22.55,3,At-Risk / Lapsed
CUST-0272,3,7,16.1,3,At-Risk / Lapsed
CUST-0830,2,12,32.65,2,Potential Loyalists
CUST-0546,4,6,32.85,3,At-Risk / Lapsed
CUST-0800,2,12,50.0,1,Champions
CUST-0173,4,15,44.0,1,Champions
CUST-0192,9,15,59.5,1,Champions
CUST-0794,4,12,39.65,0,Loyal Customers
CUST-0832,7,10,34.0,0,Loyal Customers
CUST-0409,2,13,67.7,1,Champions
CUST-0527,2,8,39.6,2,Potential Loyalists
CUST-0177,0,11,26.0,2,Potential Loyalists
CUST-0190,11,11,43.35,0,Loyal Customers
CUST-0375,10,12,58.45,0,Loyal Customers
CUST-0628,5,12,59.2,1,Champions
CUST-0679,0,11,47.9,2,Potential Loyalists
CUST-0589,2,13,64.6,1,Champions
CUST-0305,0,10,53.15,2,Potential Loyalists
CUST-0024,6,8,32.05,0,Loyal Customers
CUST-0419,2,12,41.7,2,Potential Loyalists
CUST-0736,19,10,40.4,0,Loyal Customers
CUST-0664,13,15,72.0,1,Champions
CUST-0625,1,15,53.15,1,Champions
CUST-0193,18,14,92.9,1,Champions
CUST-0290,3,9,29.5,2,Potential Loyalists
CUST-0075,3,7,44.55,2,Potential Loyalists
CUST-0547,8,13,53.75,0,Loyal Customers
CUST-0079,5,12,49.05,1,Champions
CUST-0668,0,10,44.35,2,Potential Loyalists
CUST-0402,5,11,35.4,0,Loyal Customers
CUST-0321,0,7,26.2,2,Potential Loyalists
CUST-0579,10,12,37.95,0,Loyal Customers
CUST-0078,27,5,22.1,3,At-Risk / Lapsed
CUST-0037,7,12,38.65,0,Loyal Customers
CUST-0641,8,16,72.7,1,Champions
CUST-0295,0,8,47.05,2,Potential Loyalists
CUST-0098,5,10,28.9,0,Loyal Customers
CUST-0612,11,12,38.1,0,Loyal Customers
CUST-0432,2,13,59.15,1,Champions
CUST-0008,19,11,49.9,0,Loyal Customers
CUST-0809,4,16,67.75,1,Champions
CUST-0705,0,17,49.35,1,Champions
CUST-0144,16,11,50.85,0,Loyal Customers
CUST-0730,9,15,64.85,1,Champions
CUST-0150,10,7,33.7,3,At-Risk / Lapsed
CUST-0746,3,19,91.7,1,Champions
CUST-0405,2,9,23.7,2,Potential Loyalists
CUST-0204,2,9,30.6,2,Potential Loyalists
CUST-0674,6,14,33.15,0,Loyal Customers
CUST-0605,1,7,32.2,2,Potential Loyalists
CUST-0137,1,11,47.6,2,Potential Loyalists
CUST-0744,18,11,59.25,0,Loyal Customers
CUST-0678,11,9,36.5,0,Loyal Customers
CUST-0828,12,8,36.9,0,Loyal Customers
CUST-0339,14,13,35.85,0,Loyal Customers
CUST-0769,2,6,13.25,3,At-Risk / Lapsed
CUST-0407,2,11,32.15,2,Potential Loyalists
CUST-0509,2,10,45.55,2,Potential Loyalists
CUST-0403,6,13,50.35,1,Champions
CUST-0555,5,9,67.0,0,Loyal Customers
CUST-0724,7,10,24.8,0,Loyal Customers
CUST-0065,22,8,20.55,3,At-Risk / Lapsed
CUST-0524,11,13,54.2,0,Loyal Customers
CUST-0310,7,12,60.35,1,Champions
CUST-0760,3,7,20.15,3,At-Risk / Lapsed
CUST-0045,5,13,44.95,1,Champions
CUST-0110,14,7,20.2,3,At-Risk / Lapsed
CUST-0560,7,9,39.35,0,Loyal Customers
CUST-0320,2,13,60.75,1,Champions
CUST-0219,3,8,55.05,2,Potential Loyalists
CUST-0839,1,13,60.0,1,Champions
CUST-0533,11,6,26.6,3,At-Risk / Lapsed
CUST-0496,13,10,42.2,0,Loyal Customers
CUST-0737,0,10,32.75,2,Potential Loyalists
CUST-0431,1,9,39.75,2,Potential Loyalists
CUST-0271,16,9,30.1,0,Loyal Customers
CUST-0802,9,11,35.1,0,Loyal Customers
CUST-0513,9,11,50.45,0,Loyal Customers
CUST-0618,3,12,37.95,2,Potential Loyalists
CUST-0302,6,6,17.6,3,At-Risk / Lapsed
CUST-0441,12,10,45.9,0,Loyal Customers
CUST-0596,1,8,20.75,2,Potential Loyalists
CUST-0145,0,15,95.6,1,Champions
CUST-0225,2,9,60.55,2,Potential Loyalists
CUST-0349,0,13,84.35,1,Champions
CUST-0690,1,15,55.5,1,Champions
CUST-0091,5,9,21.0,3,At-Risk / Lapsed
CUST-0514,6,10,23.85,0,Loyal Customers
CUST-0160,6,8,30.9,0,Loyal Customers
CUST-0789,1,11,51.0,2,Potential Loyalists
CUST-0130,5,8,21.25,3,At-Risk / Lapsed
CUST-0404,5,9,24.95,2,Potential Loyalists
CUST-0080,7,14,54.35,1,Champions
CUST-0791,9,8,32.5,0,Loyal Customers
CUST-0739,16,7,43.2,0,Loyal Customers
CUST-0572,3,19,81.65,1,Champions
CUST-0497,13,6,16.25,3,At-Risk / Lapsed
CUST-0634,1,9,59.65,2,Potential Loyalists
CUST-0504,2,19,72.55,1,Champions
CUST-0725,4,7,18.8,3,At-Risk / Lapsed
CUST-0278,3,14,72.05,1,Champions
CUST-0543,2,11,70.8,1,Champions
CUST-0092,5,8,43.7,0,Loyal Customers
CUST-0211,6,10,50.35,0,Loyal Customers
CUST-0820,48,7,21.95,3,At-Risk / Lapsed
CUST-0261,16,6,17.35,3,At-Risk / Lapsed
CUST-0124,22,9,49.85,0,Loyal Customers
CUST-0586,2,13,54.4,1,Champions
CUST-0418,4,20,79.5,1,Champions
CUST-0170,13,7,26.75,3,At-Risk / Lapsed
CUST-0264,3,11,57.85,1,Champions
CUST-0347,8,11,27.5,0,Loyal Customers
CUST-0575,1,14,64.05,1,Champions
CUST-0201,9,9,33.35,0,Loyal Customers
CUST-0063,9,16,63.75,1,Champions
CUST-0549,1,12,44.1,2,Potential Loyalists
CUST-0766,2,6,28.75,2,Potential Loyalists
CUST-0221,3,12,41.55,2,Potential Loyalists
CUST-0597,3,17,68.4,1,Champions
CUST-0006,7,10,22.5,0,Loyal Customers
CUST-0614,56,2,5.6,3,At-Risk / Lapsed
CUST-0781,1,14,38.6,2,Potential Loyalists
CUST-0505,40,4,24.55,3,At-Risk / Lapsed
CUST-0473,2,12,54.0,1,Champions
CUST-0715,8,8,26.95,3,At-Risk / Lapsed
CUST-0426,23,13,55.05,0,Loyal Customers
CUST-0562,4,12,48.15,1,Champions
CUST-0435,2,14,41.05,1,Champions
CUST-0286,19,7,33.15,3,At-Risk / Lapsed
CUST-0106,2,13,67.05,1,Champions
CUST-0413,18,8,44.05,0,Loyal Customers
CUST-0601,4,8,44.65,2,Potential Loyalists
CUST-0297,15,7,20.4,3,At-Risk / Lapsed
CUST-0269,16,10,32.75,0,Loyal Customers
CUST-0369,19,5,23.05,3,At-Risk / Lapsed
CUST-0745,1,11,52.8,2,Potential Loyalists
CUST-0743,1,8,27.65,2,Potential Loyalists
CUST-0759,10,12,58.85,0,Loyal Customers
CUST-0159,6,15,55.55,1,Champions
CUST-0276,21,10,39.9,0,Loyal Customers
CUST-0029,3,11,34.1,2,Potential Loyalists
CUST-0326,4,8,16.75,3,At-Risk / Lapsed
CUST-0654,1,9,21.4,2,Potential Loyalists
CUST-0680,15,9,38.25,0,Loyal Customers
CUST-0010,11,13,45.4,0,Loyal Customers
CUST-0300,1,19,91.4,1,Champions
CUST-0600,7,9,36.1,0,Loyal Customers
CUST-0234,1,4,14.0,3,At-Risk / Lapsed
CUST-0371,19,5,23.85,3,At-Risk / Lapsed
CUST-0741,12,9,46.1,0,Loyal Customers
CUST-0683,42,4,14.65,3,At-Risk / Lapsed
CUST-0443,0,8,40.0,2,Potential Loyalists
CUST-0125,7,6,31.3,3,At-Risk / Lapsed
CUST-0097,9,9,29.65,0,Loyal Customers
CUST-0718,4,6,25.25,3,At-Risk / Lapsed
CUST-0082,4,12,59.0,1,Champions
CUST-0512,2,9,37.8,2,Potential Loyalists
CUST-0332,24,13,64.45,0,Loyal Customers
CUST-0646,16,11,40.1,0,Loyal Customers
CUST-0706,23,13,50.5,0,Loyal Customers
CUST-0738,18,12,48.0,0,Loyal Customers
CUST-0260,28,8,29.85,3,At-Risk / Lapsed
CUST-0817,4,7,41.5,2,Potential Loyalists
CUST-0711,2,10,50.65,2,Potential Loyalists
CUST-0835,7,12,46.15,0,Loyal Customers
CUST-0253,2,11,39.55,2,Potential Loyalists
CUST-0176,16,8,46.45,0,Loyal Customers
CUST-0025,17,12,82.65,0,Loyal Customers
CUST-0803,15,10,36.95,0,Loyal Customers
CUST-0370,0,10,47.8,2,Potential Loyalists
CUST-0643,8,10,28.4,0,Loyal Customers
CUST-0622,3,11,61.9,1,Champions
CUST-0538,2,12,40.25,2,Potential Loyalists
CUST-0570,1,9,35.55,2,Potential Loyalists
CUST-0292,8,10,34.85,0,Loyal Customers
CUST-0148,9,12,52.4,0,Loyal Customers
CUST-0613,3,12,51.25,1,Champions
CUST-0365,14,11,22.6,0,Loyal Customers
CUST-0720,14,9,22.3,3,At-Risk / Lapsed
CUST-0379,5,12,58.05,1,Champions
CUST-0070,0,13,53.65,1,Champions
CUST-0107,3,12,57.5,1,Champions
CUST-0245,1,12,35.3,2,Potential Loyalists
CUST-0484,21,8,41.1,0,Loyal Customers
CUST-0584,27,12,49.65,0,Loyal Customers
CUST-0485,0,13,36.35,2,Potential Loyalists
CUST-0282,13,10,53.65,0,Loyal Customers
CUST-0089,12,8,38.05,0,Loyal Customers
CUST-0650,5,11,46.45,0,Loyal Customers
CUST-0189,3,10,45.6,2,Potential Loyalists
CUST-0131,18,12,55.0,0,Loyal Customers
CUST-0052,11,9,38.85,0,Loyal Customers
CUST-0350,0,6,16.95,2,Potential Loyalists
CUST-0608,8,9,25.85,0,Loyal Customers
CUST-0368,3,10,28.05,2,Potential Loyalists
CUST-0344,13,12,57.9,0,Loyal Customers
CUST-0623,0,7,27.75,2,Potential Loyalists
CUST-0383,5,11,42.05,0,Loyal Customers
CUST-0062,13,9,41.65,0,Loyal Customers
CUST-0636,6,10,53.1,0,Loyal Customers
CUST-0011,4,7,29.1,3,At-Risk / Lapsed
CUST-0616,28,7,20.2,3,At-Risk / Lapsed
CUST-0593,10,11,54.7,0,Loyal Customers
CUST-0322,8,7,25.3,3,At-Risk / Lapsed
CUST-0411,0,8,52.25,2,Potential Loyalists
CUST-0197,2,6,27.15,3,At-Risk / Lapsed
CUST-0389,7,9,26.7,0,Loyal Customers
CUST-0360,11,4,17.85,3,At-Risk / Lapsed
CUST-0577,7,6,22.85,3,At-Risk / Lapsed
CUST-0283,0,15,76.15,1,Champions
CUST-0331,3,8,33.8,2,Potential Loyalists
CUST-0067,1,14,65.75,1,Champions
CUST-0352,12,10,30.1,0,Loyal Customers
CUST-0688,6,13,45.75,0,Loyal Customers
CUST-0231,3,9,41.8,2,Potential Loyalists
CUST-0619,23,9,31.65,0,Loyal Customers
CUST-0629,16,7,20.55,3,At-Risk / Lapsed
CUST-0626,1,17,67.35,1,Champions
CUST-0175,5,13,71.25,1,Champions
CUST-0479,1,18,60.05,1,Champions
CUST-0152,14,9,40.75,0,Loyal Customers
CUST-0364,6,9,65.8,0,Loyal Customers
CUST-0094,20,5,26.45,3,At-Risk / Lapsed
CUST-0146,9,11,39.8,0,Loyal Customers
CUST-0315,21,11,41.85,0,Loyal Customers
CUST-0630,2,15,53.0,1,Champions
CUST-0164,2,12,38.55,2,Potential Loyalists
CUST-0765,8,16,92.2,1,Champions
CUST-0021,3,11,28.05,2,Potential Loyalists
CUST-0359,9,14,47.0,0,Loyal Customers
CUST-0056,10,21,76.15,1,Champions
CUST-0294,2,13,41.2,1,Champions
CUST-0436,6,14,51.6,1,Champions
CUST-0429,2,16,55.45,1,Champions
CUST-0568,3,8,24.35,2,Potential Loyalists
CUST-0016,9,12,61.15,0,Loyal Customers
CUST-0482,6,10,39.5,0,Loyal Customers
CUST-0039,7,11,49.1,0,Loyal Customers
CUST-0373,0,10,47.4,2,Potential Loyalists
CUST-0692,9,11,40.65,0,Loyal Customers
CUST-0574,10,10,41.85,0,Loyal Customers
CUST-0804,11,7,33.35,3,At-Risk / Lapsed
CUST-0554,2,15,52.6,1,Champions
CUST-0695,2,14,56.2,1,Champions
CUST-0813,7,13,51.7,1,Champions
CUST-0627,0,13,57.35,1,Champions
CUST-0819,13,10,35.15,0,Loyal Customers
CUST-0740,8,13,93.55,1,Champions
CUST-0022,9,13,59.75,1,Champions
CUST-0184,10,6,26.8,3,At-Risk / Lapsed
CUST-0793,2,11,70.35,1,Champions
CUST-0540,9,8,35.5,0,Loyal Customers
CUST-0499,0,9,16.0,2,Potential Loyalists
CUST-0311,2,9,25.45,2,Potential Loyalists
CUST-0511,17,5,15.4,3,At-Risk / Lapsed
CUST-0481,26,11,33.5,0,Loyal Customers
CUST-0041,5,14,51.7,1,Champions
CUST-0526,51,6,22.35,3,At-Risk / Lapsed
CUST-0640,14,10,40.6,0,Loyal Customers
CUST-0243,2,9,33.15,2,Potential Loyalists
CUST-0014,0,13,39.8,2,Potential Loyalists
CUST-0255,6,11,36.9,0,Loyal Customers
CUST-0304,1,13,47.65,1,Champions
CUST-0023,1,12,40.4,2,Potential Loyalists
CUST-0719,15,9,31.25,0,Loyal Customers
CUST-0808,1,15,46.35,1,Champions
CUST-0631,2,10,41.3,2,Potential Loyalists
CUST-0382,9,16,50.25,1,Champions
CUST-0267,1,11,46.05,2,Potential Loyalists
CUST-0416,14,11,44.55,0,Loyal Customers
CUST-0376,10,9,38.5,0,Loyal Customers
CUST-0121,9,23,110.0,1,Champions
CUST-0663,10,11,39.3,0,Loyal Customers
CUST-0583,16,8,35.25,0,Loyal Customers
CUST-0220,4,7,27.95,3,At-Risk / Lapsed
CUST-0602,9,13,46.1,0,Loyal Customers
CUST-0122,12,11,44.9,0,Loyal Customers
CUST-0814,1,11,60.6,1,Champions
CUST-0753,8,13,60.05,1,Champions
CUST-0495,13,12,50.45,0,Loyal Customers
CUST-0012,5,12,32.85,0,Loyal Customers
CUST-0143,7,7,28.7,3,At-Risk / Lapsed
CUST-0342,4,9,46.85,0,Loyal Customers
CUST-0004,1,13,50.85,1,Champions
CUST-0796,2,6,31.85,2,Potential Loyalists
CUST-0494,0,11,80.15,1,Champions
CUST-0053,2,18,58.55,1,Champions
CUST-0469,7,10,39.65,0,Loyal Customers
CUST-0451,1,13,35.3,2,Potential Loyalists
CUST-0672,16,7,36.5,0,Loyal Customers
CUST-0215,12,15,104.05,1,Champions
CUST-0119,9,11,35.4,0,Loyal Customers
CUST-0196,4,9,35.65,2,Potential Loyalists
CUST-0696,1,16,59.15,1,Champions
CUST-0638,21,8,24.0,3,At-Risk / Lapsed
CUST-0059,7,10,64.45,0,Loyal Customers
CUST-0114,0,10,49.6,2,Potential Loyalists
CUST-0183,0,17,67.35,1,Champions
CUST-0228,1,11,36.3,2,Potential Loyalists
CUST-0172,2,9,35.7,2,Potential Loyalists
CUST-0483,2,13,52.2,1,Champions
CUST-0205,0,10,89.3,1,Champions
CUST-0812,1,12,36.8,2,Potential Loyalists
CUST-0307,5,10,40.05,0,Loyal Customers
CUST-0181,10,9,38.0,0,Loyal Customers
CUST-0520,2,8,34.9,2,Potential Loyalists
CUST-0506,10,10,34.2,0,Loyal Customers
CUST-0786,4,12,48.45,1,Champions
CUST-0437,2,13,72.25,1,Champions
CUST-0064,0,15,80.85,1,Champions
CUST-0774,3,10,49.05,2,Potential Loyalists
CUST-0068,14,15,57.65,0,Loyal Customers
CUST-0156,32,5,51.45,3,At-Risk / Lapsed
CUST-0239,3,18,104.7,1,Champions
CUST-0116,2,12,67.3,1,Champions
CUST-0013,22,9,34.5,0,Loyal Customers
CUST-0772,1,10,30.25,2,Potential Loyalists
CUST-0728,38,5,8.25,3,At-Risk / Lapsed
CUST-0142,1,14,50.1,1,Champions
CUST-0697,6,16,108.1,1,Champions
CUST-0049,11,11,67.15,0,Loyal Customers
CUST-0217,8,8,36.5,0,Loyal Customers
CUST-0565,2,13,62.75,1,Champions
CUST-0707,2,16,58.35,1,Champions
CUST-0783,6,14,80.85,1,Champions
CUST-0756,6,14,52.95,1,Champions
CUST-0140,2,19,73.0,1,Champions
CUST-0652,10,14,62.6,1,Champions
CUST-0316,9,12,43.2,0,Loyal Customers
CUST-0240,18,11,26.6,0,Loyal Customers
CUST-0057,1,10,76.1,1,Champions
CUST-0388,0,11,52.05,2,Potential Loyalists
CUST-0850,1,12,62.2,1,Champions
CUST-0358,11,10,40.0,0,Loyal Customers
CUST-0117,10,8,35.85,0,Loyal Customers
CUST-0806,10,16,113.05,1,Champions
CUST-0073,4,12,50.2,1,Champions
CUST-0135,12,12,61.5,0,Loyal Customers
CUST-0428,14,10,35.25,0,Loyal Customers
CUST-0296,1,12,41.7,2,Potential Loyalists
CUST-0061,31,7,22.2,3,At-Risk / Lapsed
CUST-0309,7,9,54.2,0,Loyal Customers
CUST-0824,1,9,41.55,2,Potential Loyalists
CUST-0195,1,12,36.6,2,Potential Loyalists
CUST-0501,22,7,17.35,3,At-Risk / Lapsed
CUST-0642,7,11,46.7,0,Loyal Customers
CUST-0665,16,8,26.75,3,At-Risk / Lapsed
CUST-0777,20,8,35.85,0,Loyal Customers
CUST-0265,8,10,55.5,0,Loyal Customers
CUST-0708,3,15,61.75,1,Champions
CUST-0518,4,8,30.2,2,Potential Loyalists
CUST-0833,0,10,69.75,2,Potential Loyalists
CUST-0213,1,14,65.35,1,Champions
CUST-0671,0,10,34.45,2,Potential Loyalists
CUST-0539,0,5,30.9,2,Potential Loyalists
CUST-0758,4,13,25.2,2,Potential Loyalists
CUST-0214,3,10,36.35,2,Potential Loyalists
CUST-0676,1,14,38.65,2,Potential Loyalists
CUST-0212,22,7,18.95,3,At-Risk / Lapsed
CUST-0735,8,13,75.6,1,Champions
CUST-0252,2,9,36.15,2,Potential Loyalists
CUST-0754,19,6,26.65,3,At-Risk / Lapsed
CUST-0502,1,6,47.75,2,Potential Loyalists
CUST-0020,1,8,35.8,2,Potential Loyalists
CUST-0523,1,10,75.8,1,Champions
CUST-0334,5,12,32.9,0,Loyal Customers
CUST-0390,7,10,33.5,0,Loyal Customers
CUST-0461,0,15,73.45,1,Champions
CUST-0764,18,7,24.15,3,At-Risk / Lapsed
CUST-0811,4,12,50.35,1,Champions
CUST-0779,18,11,46.0,0,Loyal Customers
CUST-0377,1,13,73.65,1,Champions
CUST-0401,3,12,62.0,1,Champions
CUST-0582,3,9,23.3,2,Potential Loyalists
CUST-0571,7,21,79.8,1,Champions
CUST-0167,0,9,42.65,2,Potential Loyalists
CUST-0498,2,6,22.7,3,At-Risk / Lapsed
CUST-0681,4,8,40.05,2,Potential Loyalists
CUST-0420,0,10,52.35,2,Potential Loyalists
CUST-0675,9,10,32.95,0,Loyal Customers
CUST-0343,6,13,58.5,1,Champions
CUST-0185,3,8,26.45,2,Potential Loyalists
CUST-0051,16,18,65.75,1,Champions
CUST-0209,2,11,26.0,2,Potential Loyalists
CUST-0542,8,10,42.45,0,Loyal Customers
CUST-0329,7,12,38.85,0,Loyal Customers
CUST-0385,23,4,62.05,3,At-Risk / Lapsed
CUST-0816,2,11,53.8,1,Champions
CUST-0782,4,12,53.7,1,Champions
CUST-0684,2,16,45.45,1,Champions
CUST-0768,22,6,32.05,3,At-Risk / Lapsed
CUST-0537,3,12,59.4,1,Champions
CUST-0007,23,12,61.05,0,Loyal Customers
CUST-0669,5,16,48.45,1,Champions
CUST-0171,0,13,46.55,2,Potential Loyalists
CUST-0825,7,9,64.4,0,Loyal Customers
CUST-0704,33,2,1.85,3,At-Risk / Lapsed
CUST-0101,6,6,29.15,3,At-Risk / Lapsed
CUST-0337,5,9,23.0,3,At-Risk / Lapsed
CUST-0168,19,12,60.55,0,Loyal Customers
CUST-0464,0,11,48.8,2,Potential Loyalists
CUST-0050,2,10,39.45,2,Potential Loyalists
CUST-0348,8,11,53.55,0,Loyal Customers
CUST-0667,31,8,52.25,0,Loyal Customers
CUST-0770,12,14,49.2,0,Loyal Customers
CUST-0274,2,15,49.15,1,Champions
CUST-0126,5,15,60.45,1,Champions
CUST-0615,1,15,70.05,1,Champions
CUST-0450,9,14,43.3,0,Loyal Customers
CUST-0355,0,15,80.95,1,Champions
CUST-0713,1,11,33.4,2,Potential Loyalists
CUST-0553,14,16,72.15,1,Champions
CUST-0005,23,10,44.05,0,Loyal Customers
CUST-0027,1,14,72.25,1,Champions
CUST-0462,9,10,54.35,0,Loyal Customers
CUST-0843,0,9,49.85,2,Potential Loyalists
CUST-0414,7,11,34.05,0,Loyal Customers
CUST-0229,8,7,41.1,0,Loyal Customers
CUST-0452,16,7,19.55,3,At-Risk / Lapsed
CUST-0425,15,5,15.35,3,At-Risk / Lapsed
CUST-0399,1,5,20.2,3,At-Risk / Lapsed
CUST-0648,0,12,67.1,1,Champions
CUST-0670,8,8,31.2,0,Loyal Customers
CUST-0762,14,11,19.15,0,Loyal Customers
CUST-0280,0,14,55.05,1,Champions
CUST-0823,9,9,34.65,0,Loyal Customers
CUST-0077,24,16,60.4,0,Loyal Customers
CUST-0507,5,12,59.55,1,Champions
CUST-0381,2,5,16.7,3,At-Risk / Lapsed
CUST-0530,29,7,33.45,3,At-Risk / Lapsed
CUST-0202,1,5,11.3,3,At-Risk / Lapsed
CUST-0178,1,12,54.9,1,Champions
CUST-0259,5,11,66.6,1,Champions
CUST-0111,9,11,63.9,0,Loyal Customers
CUST-0661,11,9,38.05,0,Loyal Customers
CUST-0621,14,9,42.9,0,Loyal Customers
CUST-0318,3,10,79.7,1,Champions
CUST-0729,5,13,55.95,1,Champions
CUST-0592,3,11,50.9,1,Champions
CUST-0536,15,15,91.8,1,Champions
CUST-0660,5,13,43.7,1,Champions
CUST-0387,9,12,35.9,0,Loyal Customers
CUST-0468,8,16,104.25,1,Champions
CUST-0394,0,11,36.35,2,Potential Loyalists
CUST-0699,8,12,35.6,0,Loyal Customers
CUST-0191,6,19,88.5,1,Champions
CUST-0046,5,19,104.0,1,Champions
CUST-0558,11,9,30.35,0,Loyal Customers
CUST-0727,3,14,67.65,1,Champions
CUST-0673,5,12,45.7,0,Loyal Customers
CUST-0561,8,11,32.5,0,Loyal Customers
CUST-0790,6,8,49.85,0,Loyal Customers
CUST-0047,5,13,53.05,1,Champions
CUST-0165,12,12,44.9,0,Loyal Customers
CUST-0551,12,10,34.75,0,Loyal Customers
CUST-0162,2,12,59.25,1,Champions
CUST-0083,1,17,77.5,1,Champions
CUST-0749,1,13,56.9,1,Champions
CUST-0610,1,16,74.15,1,Champions
CUST-0186,13,8,27.7,3,At-Risk / Lapsed
CUST-0651,2,12,31.9,2,Potential Loyalists
CUST-0281,0,10,34.15,2,Potential Loyalists
CUST-0488,17,7,26.15,3,At-Risk / Lapsed
CUST-0780,2,17,95.15,1,Champions
CUST-0732,2,14,74.3,1,Champions
CUST-0686,3,11,65.95,1,Champions
CUST-0115,26,6,23.95,3,At-Risk / Lapsed
CUST-0123,3,8,24.7,2,Potential Loyalists
CUST-0541,1,8,31.35,2,Potential Loyalists
CUST-0236,12,7,27.7,3,At-Risk / Lapsed
CUST-0324,14,7,31.45,3,At-Risk / Lapsed
CUST-0415,7,9,42.35,0,Loyal Customers
CUST-0773,15,7,29.55,3,At-Risk / Lapsed
CUST-0427,6,10,46.65,0,Loyal Customers
CUST-0763,22,10,45.55,0,Loyal Customers
CUST-0544,22,14,52.95,0,Loyal Customers
CUST-0476,10,11,31.3,0,Loyal Customers
CUST-0396,8,14,38.7,0,Loyal Customers
CUST-0818,18,12,47.8,0,Loyal Customers
CUST-0449,3,19,92.4,1,Champions
CUST-0257,1,7,25.45,2,Potential Loyalists
CUST-0653,2,11,34.4,2,Potential Loyalists
CUST-0118,1,16,79.65,1,Champions
CUST-0088,9,8,14.15,3,At-Risk / Lapsed
CUST-0244,30,8,65.5,0,Loyal Customers
CUST-0656,9,10,32.3,0,Loyal Customers
CUST-0306,2,8,20.85,2,Potential Loyalists
CUST-0703,7,8,41.7,0,Loyal Customers
CUST-0335,23,6,46.45,0,Loyal Customers
CUST-0734,5,8,24.45,3,At-Risk / Lapsed
CUST-0757,6,13,44.05,0,Loyal Customers
CUST-0442,0,10,48.05,2,Potential Loyalists
CUST-0289,5,15,38.75,1,Champions
CUST-0837,8,7,28.25,3,At-Risk / Lapsed
CUST-0100,3,10,85.6,1,Champions
CUST-0400,1,11,58.5,1,Champions
CUST-0848,5,11,46.9,0,Loyal Customers
CUST-0475,12,7,25.6,3,At-Risk / Lapsed
CUST-0784,8,14,44.05,0,Loyal Customers
CUST-0136,11,9,41.35,0,Loyal Customers
CUST-0798,2,14,73.05,1,Champions
CUST-0470,23,12,38.95,0,Loyal Customers
CUST-0210,8,15,43.05,0,Loyal Customers
CUST-0019,1,16,84.35,1,Champions
CUST-0232,17,11,44.15,0,Loyal Customers
CUST-0035,3,12,53.2,1,Champions
CUST-0693,9,14,35.3,0,Loyal Customers
CUST-0040,14,6,23.7,3,At-Risk / Lapsed
CUST-0279,16,6,25.15,3,At-Risk / Lapsed
CUST-0785,16,10,52.1,0,Loyal Customers
CUST-0317,0,13,34.55,2,Potential Loyalists
CUST-0069,10,8,26.95,3,At-Risk / Lapsed
CUST-0691,0,13,43.85,2,Potential Loyalists
CUST-0709,1,7,28.9,2,Potential Loyalists
CUST-0516,6,13,43.85,0,Loyal Customers
CUST-0338,1,8,32.9,2,Potential Loyalists
CUST-0361,19,10,48.0,0,Loyal Customers
CUST-0423,0,10,32.45,2,Potential Loyalists
CUST-0372,3,14,60.65,1,Champions
CUST-0466,0,11,40.5,2,Potential Loyalists
CUST-0206,9,13,42.6,0,Loyal Customers
CUST-0519,6,17,82.45,1,Champions
CUST-0550,6,7,7.35,3,At-Risk / Lapsed
CUST-0807,17,12,51.3,0,Loyal Customers
CUST-0285,3,14,50.2,1,Champions
CUST-0141,24,5,18.1,3,At-Risk / Lapsed
CUST-0698,19,8,19.05,3,At-Risk / Lapsed
CUST-0043,2,9,35.2,2,Potential Loyalists
CUST-0649,2,11,50.8,2,Potential Loyalists
CUST-0356,5,11,45.25,0,Loyal Customers
CUST-0701,16,5,27.05,3,At-Risk / Lapsed
CUST-0182,6,13,87.25,1,Champions
CUST-0682,5,12,52.05,1,Champions
CUST-0458,3,9,48.75,2,Potential Loyalists
CUST-0457,1,5,13.25,3,At-Risk / Lapsed
CUST-0836,9,10,37.25,0,Loyal Customers
CUST-0074,4,12,31.25,2,Potential Loyalists
CUST-0721,1,14,62.15,1,Champions
CUST-0742,3,13,45.55,1,Champions
CUST-0487,12,8,30.5,0,Loyal Customers
CUST-0273,5,14,62.8,1,Champions
CUST-0224,8,11,38.2,0,Loyal Customers
CUST-0733,0,12,31.85,2,Potential Loyalists
CUST-0446,20,15,56.95,0,Loyal Customers
CUST-0199,15,10,28.85,0,Loyal Customers
CUST-0834,26,8,34.55,0,Loyal Customers
CUST-0076,8,9,42.35,0,Loyal Customers
CUST-0559,2,19,98.6,1,Champions
CUST-0747,36,11,50.25,0,Loyal Customers
CUST-0535,17,8,35.45,0,Loyal Customers
CUST-0275,3,13,43.95,1,Champions
CUST-0474,7,12,41.65,0,Loyal Customers
CUST-0230,4,16,72.65,1,Champions
CUST-0827,3,15,57.85,1,Champions
CUST-0788,3,13,49.95,1,Champions
CUST-0133,3,11,33.55,2,Potential Loyalists
CUST-0846,8,15,61.7,1,Champions
CUST-0493,10,9,33.25,0,Loyal Customers
CUST-0093,5,12,37.05,0,Loyal Customers
CUST-0810,0,12,25.7,2,Potential Loyalists
CUST-0096,7,11,65.6,0,Loyal Customers
CUST-0166,9,9,32.0,0,Loyal Customers
CUST-0328,1,9,46.95,2,Potential Loyalists
CUST-0087,28,9,59.3,0,Loyal Customers
CUST-0717,2,11,37.1,2,Potential Loyalists
CUST-0456,7,12,44.1,0,Loyal Customers
CUST-0529,5,14,51.2,1,Champions
CUST-0102,13,12,71.6,0,Loyal Customers
CUST-0155,10,9,38.45,0,Loyal Customers
CUST-0659,3,12,46.45,1,Champions
CUST-0298,14,16,67.8,1,Champions
CUST-0750,7,11,46.95,0,Loyal Customers
CUST-0712,7,11,53.0,0,Loyal Customers
CUST-0249,21,5,19.35,3,At-Risk / Lapsed
CUST-0454,30,5,10.5,3,At-Risk / Lapsed
CUST-0776,6,11,53.3,0,Loyal Customers
CUST-0787,9,7,17.9,3,At-Risk / Lapsed
CUST-0633,2,18,118.35,1,Champions
CUST-0655,2,13,51.65,1,Champions
CUST-0036,17,9,31.6,0,Loyal Customers
CUST-0658,1,9,47.2,2,Potential Loyalists
CUST-0251,1,10,35.25,2,Potential Loyalists
CUST-0235,8,10,45.9,0,Loyal Customers
CUST-0218,10,15,72.35,1,Champions
CUST-0398,17,9,34.15,0,Loyal Customers
CUST-0367,16,11,24.0,0,Loyal Customers
CUST-0314,2,11,72.25,1,Champions
CUST-0422,13,14,61.7,0,Loyal Customers
CUST-0556,12,8,66.15,0,Loyal Customers
CUST-0095,4,13,44.05,1,Champions
CUST-0477,11,11,38.0,0,Loyal Customers
CUST-0799,1,11,37.65,2,Potential Loyalists
CUST-0723,6,5,16.9,3,At-Risk / Lapsed
CUST-0366,5,19,109.0,1,Champions
CUST-0163,15,17,54.05,1,Champions
CUST-0287,3,12,48.3,1,Champions
CUST-0134,6,8,55.8,0,Loyal Customers
CUST-0587,11,15,57.5,1,Champions
CUST-0453,15,9,21.75,3,At-Risk / Lapsed
CUST-0108,11,12,66.0,0,Loyal Customers
CUST-0187,10,9,29.75,0,Loyal Customers
CUST-0603,2,9,37.5,2,Potential Loyalists
CUST-0755,29,9,41.5,0,Loyal Customers
CUST-0151,1,6,16.45,3,At-Risk / Lapsed
CUST-0242,6,9,41.8,0,Loyal Customers
CUST-0445,9,14,46.8,0,Loyal Customers
CUST-0444,12,11,32.8,0,Loyal Customers
CUST-0726,11,7,13.2,3,At-Risk / Lapsed
CUST-0090,8,10,52.6,0,Loyal Customers
CUST-0270,8,8,39.9,0,Loyal Customers
CUST-0467,1,8,18.45,2,Potential Loyalists
CUST-0374,3,8,19.3,3,At-Risk / Lapsed
CUST-0293,17,11,29.7,0,Loyal Customers
CUST-0591,4,14,69.95,1,Champions
CUST-0840,0,10,27.2,2,Potential Loyalists
CUST-0792,5,13,57.15,1,Champions
CUST-0689,0,11,35.75,2,Potential Loyalists
CUST-0384,0,13,55.15,1,Champions
CUST-0580,2,10,35.1,2,Potential Loyalists
CUST-0268,0,14,47.35,1,Champions
CUST-0588,3,10,52.4,2,Potential Loyalists
CUST-0463,1,12,57.25,1,Champions
CUST-0179,2,8,30.7,2,Potential Loyalists
CUST-0188,14,11,56.05,0,Loyal Customers
CUST-0345,12,8,61.15,0,Loyal Customers
CUST-0277,2,7,27.1,2,Potential Loyalists
CUST-0838,9,8,38.65,0,Loyal Customers
CUST-0439,3,12,54.3,1,Champions
CUST-0440,1,9,44.65,2,Potential Loyalists
CUST-0303,1,13,68.6,1,Champions
CUST-0492,5,6,22.65,3,At-Risk / Lapsed
CUST-0534,2,10,32.65,2,Potential Loyalists
CUST-0391,9,7,45.2,0,Loyal Customers
CUST-0594,12,8,47.15,0,Loyal Customers
