im_date,regu_gas,diesel_gas,moc_no,reference
8-03-2026,4400,5150,0784,Notification_No_0784__08.03.2026.pdf
9-03-2026,4400,5150,0784,Notification_No_0784__08.03.2026.pdf
10-03-2026,4400,5150,0784,Notification_No_0784__08.03.2026.pdf
11-03-2026,5200,6050,0812,Notification_No_0812__10.03.2026.pdf
12-03-2026,5200,6050,0812,Notification_No_0812__10.03.2026.pdf
13-03-2026,5200,6050,0812,Notification_No_0812__10.03.2026.pdf
14-03-2026,5200,6400,0881,Notification_No_0881__13.03.2026.pdf
15-03-2026,5200,6400,0881,Notification_No_0881__13.03.2026.pdf
16-03-2026,5200,6400,0881,Notification_No_0881__13.03.2026.pdf
17-03-2026,5500,6550,0901,Notification_No_0901__16.03.2026.pdf
18-03-2026,5500,6550,0901,Notification_No_0901__16.03.2026.pdf
19-03-2026,5500,6550,0901,Notification_No_0901__16.03.2026.pdf
20-03-2026,5400,6700,0961,Notification_No_0961__20.03.2026.pdf
21-03-2026,5400,6700,0961,Notification_No_0961__20.03.2026.pdf
22-03-2026,5400,6700,0961,Notification_No_0961__20.03.2026.pdf
23-03-2026,5400,6700,0961,Notification_No_0961__20.03.2026.pdf
24-03-2026,5400,6700,0961,Notification_No_0961__20.03.2026.pdf
25-03-2026,5400,6700,0961,Notification_No_0961__20.03.2026.pdf
26-03-2026,5450,7100,1054,Notification_No_1054__25.03.2026.pdf
27-03-2026,5450,7100,1054,Notification_No_1054__25.03.2026.pdf
28-03-2026,5450,7100,1054,Notification_No_1054__25.03.2026.pdf
29-03-2026,5000,7200,1089,Notification_No_1089__28.03.2026.pdf
30-03-2026,5000,7200,1089,Notification_No_1089__28.03.2026.pdf
31-03-2026,5000,7200,1089,Notification_No_1089__28.03.2026.pdf
1-04-2026,5450,7500,1129,Notification_No_1129__31.03.2026.pdf
2-04-2026,5450,7500,1129,Notification_No_1129__31.03.2026.pdf
3-04-2026,5450,7500,1129,Notification_No_1129__31.03.2026.pdf
4-04-2026,5500,8100,1181,Notification_No_1181__03.04.2026.pdf
5-04-2026,5500,8100,1181,Notification_No_1181__03.04.2026.pdf
6-04-2026,5500,8100,1181,Notification_No_1181__03.04.2026.pdf
7-04-2026,5500,8200,1194,Notification_No_1194__06.04.2026.pdf
8-04-2026,5500,8200,1194,Notification_No_1194__06.04.2026.pdf
9-04-2026,5500,8200,1194,Notification_No_1194__06.04.2026.pdf
10-04-2026,5200,6900,1255,Notification_No_1255__09.04.2026.pdf
11-04-2026,5200,6900,1255,Notification_No_1255__09.04.2026.pdf
12-04-2026,5200,6900,1255,Notification_No_1255__09.04.2026.pdf
13-04-2026,5200,6900,1255,Notification_No_1255__09.04.2026.pdf
14-04-2026,5200,6900,1255,Notification_No_1255__09.04.2026.pdf
15-04-2026,5100,6400,1290,Notification_No_1290__14.04.2026.pdf
16-04-2026,5100,6400,1290,Notification_No_1290__14.04.2026.pdf
17-04-2026,5100,6400,1290,Notification_No_1290__14.04.2026.pdf
18-04-2026,4950,5700,1291,Notification_No_1291__14.04.2026.pdf
19-04-2026,4950,5700,1291,Notification_No_1291__14.04.2026.pdf
20-04-2026,4950,5700,1291,Notification_No_1291__14.04.2026.pdf
21-04-2026,4950,5700,1291,Notification_No_1291__14.04.2026.pdf
22-04-2026,5000,5400,1374,Notification_No_1374__23.04.2026.pdf
23-04-2026,5000,5400,1375,Notification_No_1374__23.04.2026.pdf
24-04-2026,5000,5400,1374,Notification_No_1374__23.04.2026.pdf
25-04-2026,5000,5400,1374,Notification_No_1374__23.04.2026.pdf
26-04-2026,5000,5400,1374,Notification_No_1374__23.04.2026.pdf
27-04-2026,5000,5400,1374,Notification_No_1374__23.04.2026.pdf
28-04-2026,5150,5650,1429,Notification_No_1429__28.04.2026.pdf
29-04-2026,5150,5650,1429,Notification_No_1429__28.04.2026.pdf
30-04-2026,5150,5650,1429,Notification_No_1429__28.04.2026.pdf
1-05-2026,5150,5650,1429,Notification_No_1429__28.04.2026.pdf
2-05-2026,5150,5650,1429,Notification_No_1429__28.04.2026.pdf
3-05-2026,5150,5650,1429,Notification_No_1429__28.04.2026.pdf
4-05-2026,5150,5650,1429,Notification_No_1429__28.04.2026.pdf
5-05-2026,5150,5650,1429,Notification_No_1429__28.04.2026.pdf
6-05-2026,5300,5550,1487,Notification_No_1487__05.05.2026.pdf
7-05-2026,5300,5550,1487,Notification_No_1487__05.05.2026.pdf
8-05-2026,5300,5550,1487,Notification_No_1487__05.05.2026.pdf
9-05-2026,5300,5550,1488,Notification_No_1487__05.05.2026.pdf
10-05-2026,5300,5550,1489,Notification_No_1487__05.05.2026.pdf
11-05-2026,5300,5550,1490,Notification_No_1487__05.05.2026.pdf
12-05-2026,5150,5200,1564,Notification_No_1564__11.05.2026.pdf
13-05-2026,5150,5200,1564,Notification_No_1564__11.05.2026.pdf
14-05-2026,5150,5200,1564,Notification_No_1564__11.05.2026.pdf
15-05-2026,5150,5200,1564,Notification_No_1564__11.05.2026.pdf
16-05-2026,5150,5200,1564,Notification_No_1564__11.05.2026.pdf
17-05-2026,5150,5200,1564,Notification_No_1564__11.05.2026.pdf
18-05-2026,5150,5200,1564,Notification_No_1564__11.05.2026.pdf
19-05-2026,5400,5450,1641,Notification_No_1641__18.05.2026.pdf
20-05-2026,5400,5450,1641,Notification_No_1641__18.05.2026.pdf
21-05-2026,5400,5450,1641,Notification_No_1641__18.05.2026.pdf
22-05-2026,5400,5450,1641,Notification_No_1641__18.05.2026.pdf
23-05-2026,5400,5450,1641,Notification_No_1641__18.05.2026.pdf
24-05-2026,5400,5450,1641,Notification_No_1641__18.05.2026.pdf
25-05-2026,5400,5450,1641,Notification_No_1641__18.05.2026.pdf
26-05-2026,5400,5450,1641,Notification_No_1641__18.05.2026.pdf
27-05-2026,5250,5300,1753,Notification_No_1753__26.05.2026.pdf
28-05-2026,5250,5300,1753,Notification_No_1753__26.05.2026.pdf
29-05-2026,5250,5300,1753,Notification_No_1753__26.05.2026.pdf
30-05-2026,5250,5300,1753,Notification_No_1753__26.05.2026.pdf
31-05-2026,5250,5300,1753,Notification_No_1753__26.05.2026.pdf
1-06-2026,5250,5300,1753,Notification_No_1753__26.05.2026.pdf
2-06-2026,4850,4850,1856,Notification_No_1856__02.06.2026.pdf
3-06-2026,4850,4850,1856,Notification_No_1856__02.06.2026.pdf
4-06-2026,4850,4850,1856,Notification_No_1856__02.06.2026.pdf
5-06-2026,4850,4850,1856,Notification_No_1856__02.06.2026.pdf
6-06-2026,4850,4850,1856,Notification_No_1856__02.06.2026.pdf
7-06-2026,4850,4850,1856,Notification_No_1856__02.06.2026.pdf
8-06-2026,4850,4850,1856,Notification_No_1856__02.06.2026.pdf
9-06-2026,4700,5050,2009,Notification_No_2009__09.06.2026.pdf
10-06-2026,4700,5050,2009,Notification_No_2009__09.06.2026.pdf
11-06-2026,4700,5050,2009,Notification_No_2009__09.06.2026.pdf
12-06-2026,4700,5050,2009,Notification_No_2009__09.06.2026.pdf
13-06-2026,4700,5050,2009,Notification_No_2009__09.06.2026.pdf
14-06-2026,4700,5050,2009,Notification_No_2009__09.06.2026.pdf
15-06-2026,4700,5050,2009,Notification_No_2009__09.06.2026.pdf
16-06-2026,4600,4700,2138,Notification_No_2138__16.06.2026.pdf
17-06-2026,4600,4700,2138,Notification_No_2138__16.06.2026.pdf
18-06-2026,4600,4700,2138,Notification_No_2138__16.06.2026.pdf
19-06-2026,4600,4700,2138,Notification_No_2138__16.06.2026.pdf
20-06-2026,4600,4700,2138,Notification_No_2138__16.06.2026.pdf
21-06-2026,4600,4700,2138,Notification_No_2138__16.06.2026.pdf
22-06-2026,4600,4700,2138,Notification_No_2138__16.06.2026.pdf
23-06-2026,4350,4250,2208,Notification_No_2208__23.06.2026.pdf
24-06-2026,4350,4250,2208,Notification_No_2208__23.06.2026.pdf
25-06-2026,4350,4250,2208,Notification_No_2208__23.06.2026.pdf
27-06-2026,4350,4250,2208,Notification_No_2208__23.06.2026.pdf
28-06-2026,4350,4250,2208,Notification_No_2208__23.06.2026.pdf
29-06-2026,4350,4250,2208,Notification_No_2208__23.06.2026.pdf
30-06-2026,4050,4000,2308,Notification_No_2306__30.06.2026.pdf
1-07-2026,4050,4000,2308,Notification_No_2309__30.06.2026.pdf
2-07-2026,4050,4000,2308,Notification_No_2309__30.06.2026.pdf
3-07-2026,4050,4000,2308,Notification_No_2309__30.06.2026.pdf
4-07-2026,4050,4000,2308,Notification_No_2309__30.06.2026.pdf
5-07-2026,4050,4000,2308,Notification_No_2309__30.06.2026.pdf
6-07-2026,4050,4000,2308,Notification_No_2309__30.06.2026.pdf
7-07-2026,3950,4100,2409,Notification_No_2409__07.07.2026.pdf
8-07-2026,3950,4100,2409,Notification_No_2409__07.07.2026.pdf
9-07-2026,3950,4100,2409,Notification_No_2409__07.07.2026.pdf
10-07-2026,3950,4100,2409,Notification_No_2409__07.07.2026.pdf
11-07-2026,3950,4100,2409,Notification_No_2409__07.07.2026.pdf
12-07-2026,3950,4100,2409,Notification_No_2409__07.07.2026.pdf
13-07-2026,3950,4100,2409,Notification_No_2409__07.07.2026.pdf
14-07-2026,3900,4300,2494,Notification_No_2494__14.07.2026.pdf
15-07-2026,3900,4300,2494,Notification_No_2494__14.07.2026.pdf
16-07-2026,3900,4300,2494,Notification_No_2494__14.07.2026.pdf
17-07-2026,3900,4300,2494,Notification_No_2494__14.07.2026.pdf
18-07-2026,3900,4300,2494,Notification_No_2494__14.07.2026.pdf
19-07-2026,3900,4300,2494,Notification_No_2494__14.07.2026.pdf
20-07-2026,3900,4300,2494,Notification_No_2494__14.07.2026.pdf
21-07-2026,4300,4950,2606,Notification_No_2606__21.07.2026.pdf
22-07-2026,4300,4950,2606,Notification_No_2606__21.07.2026.pdf
23-07-2026,4300,4950,2606,Notification_No_2606__21.07.2026.pdf
24-07-2026,4300,4950,2606,Notification_No_2606__21.07.2026.pdf
25-07-2026,4300,4950,2606,Notification_No_2606__21.07.2026.pdf
26-07-2026,4300,4950,2606,Notification_No_2606__21.07.2026.pdf
27-07-2026,4300,4950,2606,Notification_No_2606__21.07.2026.pdf
28-07-2026,4550,5250,2691,Notification_No_2691__28.07.2026.pdf
29-07-2026,4550,5250,2691,Notification_No_2691__28.07.2026.pdf
30-07-2026,4550,5250,2691,Notification_No_2691__28.07.2026.pdf
31-07-2026,4550,5250,2691,Notification_No_2691__28.07.2026.pdf
1-08-2026,4550,5250,2691,Notification_No_2691__28.07.2026.pdf
2-08-2026,4550,5250,2691,Notification_No_2691__28.07.2026.pdf
3-08-2026,4550,5250,2691,Notification_No_2691__28.07.2026.pdf
4-08-2026,4450,5200,2777,Notification_No_2777__04.08.2026.pdf
5-08-2026,4450,5200,2777,Notification_No_2777__04.08.2026.pdf
6-08-2026,4450,5200,2777,Notification_No_2777__04.08.2026.pdf
7-08-2026,4450,5200,2777,Notification_No_2777__04.08.2026.pdf
8-08-2026,4450,5200,2777,Notification_No_2777__04.08.2026.pdf
9-08-2026,4450,5200,2777,Notification_No_2777__04.08.2026.pdf
10-08-2026,4450,5200,2777,Notification_No_2777__04.08.2026.pdf
11-08-2026,4150,4850,2853,Notification_No_2853__11.08.2026.pdf
12-08-2026,4150,4850,2853,Notification_No_2853__11.08.2026.pdf
13-08-2026,4150,4850,2853,Notification_No_2853__11.08.2026.pdf
14-08-2026,4150,4850,2853,Notification_No_2853__11.08.2026.pdf
15-08-2026,4150,4850,2853,Notification_No_2853__11.08.2026.pdf
16-08-2026,4150,4850,2853,Notification_No_2853__11.08.2026.pdf
17-08-2026,4150,4850,2853,Notification_No_2853__11.08.2026.pdf
18-08-2026,4150,4850,2853,Notification_No_2853__11.08.2026.pdf
19-08-2026,4150,4850,2853,Notification_No_2853__11.08.2026.pdf
20-08-2026,4150,4850,2853,Notification_No_2853__11.08.2026.pdf
21-08-2026,4400,5250,3033,Notification_No_3033__21.08.2026.pdf
22-08-2026,4400,5250,3033,Notification_No_3033__21.08.2026.pdf
23-08-2026,4400,5250,3033,Notification_No_3033__21.08.2026.pdf
24-08-2026,4400,5250,3033,Notification_No_3033__21.08.2026.pdf
25-08-2026,4400,5250,3033,Notification_No_3033__21.08.2026.pdf
26-08-2026,4400,5250,3033,Notification_No_3033__21.08.2026.pdf
27-08-2026,4400,5250,3033,Notification_No_3033__21.08.2026.pdf
28-08-2026,4400,5250,3033,Notification_No_3033__21.08.2026.pdf
29-08-2026,4400,5250,3033,Notification_No_3033__21.08.2026.pdf
30-08-2026,4400,5250,3033,Notification_No_3033__21.08.2026.pdf
31-08-2026,4400,5250,3033,Notification_No_3033__21.08.2026.pdf
1-09-2026,4400,5150,3155,Notification_No_3155__01.09.2026.pdf
2-09-2026,4400,5150,3155,Notification_No_3155__01.09.2026.pdf
3-09-2026,4400,5150,3155,Notification_No_3155__01.09.2026.pdf
4-09-2026,4400,5150,3155,Notification_No_3155__01.09.2026.pdf
5-09-2026,4400,5150,3155,Notification_No_3155__01.09.2026.pdf
6-09-2026,4400,5150,3155,Notification_No_3155__01.09.2026.pdf
7-09-2026,4400,5150,3155,Notification_No_3155__01.09.2026.pdf
8-09-2026,4400,5150,3155,Notification_No_3155__01.09.2026.pdf
9-09-2026,4400,5150,3155,Notification_No_3155__01.09.2026.pdf
10-09-2026,4400,5150,3155,Notification_No_3155__01.09.2026.pdf
11-09-2026,4800,5450,3156,Notification_No_3295__11.09.2026.pdf
12-09-2026,4800,5450,3156,Notification_No_3295__11.09.2026.pdf
13-09-2026,4800,5450,3156,Notification_No_3295__11.09.2026.pdf
14-09-2026,4800,5450,3156,Notification_No_3295__11.09.2026.pdf
15-09-2026,4800,5450,3156,Notification_No_3295__11.09.2026.pdf
16-09-2026,4800,5450,3156,Notification_No_3295__11.09.2026.pdf
17-09-2026,4800,5450,3156,Notification_No_3295__11.09.2026.pdf
18-09-2026,4800,5450,3156,Notification_No_3295__11.09.2026.pdf
19-09-2026,4800,5450,3156,Notification_No_3295__11.09.2026.pdf
20-09-2026,4800,5450,3156,Notification_No_3295__11.09.2026.pdf
21-09-2026,5250,6100,3379,Notification_No_3379__21.09.2026.pdf
22-09-2026,5250,6100,3379,Notification_No_3379__21.09.2026.pdf
23-09-2026,5250,6100,3379,Notification_No_3379__21.09.2026.pdf
24-09-2026,5250,6100,3379,Notification_No_3379__21.09.2026.pdf
25-09-2026,5250,6100,3379,Notification_No_3379__21.09.2026.pdf
26-09-2026,5250,6100,3379,Notification_No_3379__21.09.2026.pdf
27-09-2026,5250,6100,3379,Notification_No_3379__21.09.2026.pdf
28-09-2026,5250,6100,3379,Notification_No_3379__21.09.2026.pdf
29-09-2026,5250,6100,3379,Notification_No_3379__21.09.2026.pdf
30-09-2026,5250,6100,3379,Notification_No_3379__21.09.2026.pdf
1-10-2026,5250,6100,3379,Notification_No_3379__21.09.2026.pdf