date_key,fuel_price_regular_khr,fuel_price_diesel_khr,nbc_official_rate,provincial_pop_density,holiday_event_flag,rainfall_mm_local
2026-07-01,4050.0,4000.0,4086.99,3136.0,False,13.28
2026-07-02,4050.0,4000.0,4086.66,3136.0,False,15.81
2026-07-03,4050.0,4000.0,4089.09,3136.0,False,29.0
2026-07-04,4050.0,4000.0,4094.47,3136.0,False,24.43
2026-07-05,4050.0,4000.0,4093.42,3136.0,False,7.5
2026-07-06,4050.0,4000.0,4092.43,3136.0,False,26.83
2026-07-07,3950.0,4100.0,4097.84,3136.0,False,8.63
2026-07-08,3950.0,4100.0,4100.13,3136.0,False,15.62
2026-07-09,3950.0,4100.0,4097.98,3136.0,False,21.62
2026-07-10,3950.0,4100.0,4099.48,3136.0,False,11.65
2026-07-11,3950.0,4100.0,4097.39,3136.0,False,11.58
2026-07-12,3950.0,4100.0,4095.39,3136.0,False,20.42
2026-07-13,3950.0,4100.0,4095.96,3136.0,False,25.82
2026-07-14,3900.0,4300.0,4088.97,3136.0,False,28.74
2026-07-15,3900.0,4300.0,4082.98,3136.0,False,26.99
2026-07-16,3900.0,4300.0,4081.37,3136.0,False,27.86
2026-07-17,3900.0,4300.0,4078.25,3136.0,False,12.42
2026-07-18,3900.0,4300.0,4079.94,3136.0,False,23.08
2026-07-19,3900.0,4300.0,4077.27,3136.0,False,27.7
2026-07-20,3900.0,4300.0,4072.96,3136.0,False,5.54
2026-07-21,4300.0,4950.0,4078.94,3136.0,False,26.86
2026-07-22,4300.0,4950.0,4078.7,3136.0,False,18.69
2026-07-23,4300.0,4950.0,4079.5,3136.0,False,28.24
2026-07-24,4300.0,4950.0,4075.04,3136.0,False,11.85
2026-07-25,4300.0,4950.0,4073.89,3136.0,False,14.92
2026-07-26,4300.0,4950.0,4075.08,3136.0,False,7.44
2026-07-27,4300.0,4950.0,4071.8,3136.0,False,5.35
2026-07-28,4550.0,5250.0,4074.02,3136.0,False,9.32
2026-07-29,4550.0,5250.0,4072.72,3136.0,False,25.94
2026-07-30,4550.0,5250.0,4072.56,3136.0,False,20.49
2026-07-31,4550.0,5250.0,4071.33,3136.0,False,11.01
2026-08-01,4550.0,5250.0,4078.74,3136.0,False,16.29
2026-08-02,4550.0,5250.0,4079.26,3136.0,False,24.03
2026-08-03,4550.0,5250.0,4076.09,3136.0,False,19.41
2026-08-04,4450.0,5200.0,4079.67,3136.0,False,17.37
2026-08-05,4450.0,5200.0,4075.91,3136.0,False,26.27
2026-08-06,4450.0,5200.0,4077.35,3136.0,False,18.02
2026-08-07,4450.0,5200.0,4071.12,3136.0,False,19.22
2026-08-08,4450.0,5200.0,4067.42,3136.0,False,17.45
2026-08-09,4450.0,5200.0,4069.24,3136.0,False,18.21
2026-08-10,4450.0,5200.0,4072.86,3136.0,False,14.68
2026-08-11,4150.0,4850.0,4074.31,3136.0,False,21.08
2026-08-12,4150.0,4850.0,4074.69,3136.0,False,27.22
2026-08-13,4150.0,4850.0,4074.41,3136.0,False,8.03
2026-08-14,4150.0,4850.0,4070.01,3136.0,False,7.13
2026-08-15,4150.0,4850.0,4068.49,3136.0,False,10.52
2026-08-16,4150.0,4850.0,4067.95,3136.0,False,11.03
2026-08-17,4150.0,4850.0,4072.76,3136.0,False,13.57
2026-08-18,4150.0,4850.0,4074.82,3136.0,False,18.8
2026-08-19,4150.0,4850.0,4069.41,3136.0,False,10.61
2026-08-20,4150.0,4850.0,4071.57,3136.0,False,13.81
2026-08-21,4400.0,5250.0,4071.15,3136.0,False,13.19
2026-08-22,4400.0,5250.0,4069.72,3136.0,False,27.36
2026-08-23,4400.0,5250.0,4072.88,3136.0,False,27.12
2026-08-24,4400.0,5250.0,4077.34,3136.0,False,15.48
2026-08-25,4400.0,5250.0,4081.23,3136.0,False,12.45
2026-08-26,4400.0,5250.0,4078.73,3136.0,False,14.78
2026-08-27,4400.0,5250.0,4078.21,3136.0,False,7.65
2026-08-28,4400.0,5250.0,4079.96,3136.0,False,17.76
2026-08-29,4400.0,5250.0,4083.88,3136.0,False,29.88
2026-08-30,4400.0,5250.0,4082.51,3136.0,False,21.65
2026-08-31,4400.0,5250.0,4082.23,3136.0,False,18.6
2026-09-01,4400.0,5150.0,4078.75,3136.0,False,5.87
2026-09-02,4400.0,5150.0,4075.13,3136.0,False,28.0
2026-09-03,4400.0,5150.0,4078.71,3136.0,False,11.82
2026-09-04,4400.0,5150.0,4084.02,3136.0,False,18.12
2026-09-05,4400.0,5150.0,4084.07,3136.0,False,18.31
2026-09-06,4400.0,5150.0,4087.88,3136.0,False,12.6
2026-09-07,4400.0,5150.0,4089.25,3136.0,False,12.2
2026-09-08,4400.0,5150.0,4087.03,3136.0,False,14.02
2026-09-09,4400.0,5150.0,4088.44,3136.0,False,21.89
2026-09-10,4400.0,5150.0,4093.91,3136.0,False,17.23
2026-09-11,4800.0,5450.0,4093.58,3136.0,False,19.73
2026-09-12,4800.0,5450.0,4098.88,3136.0,False,25.01
2026-09-13,4800.0,5450.0,4089.27,3136.0,False,27.62
2026-09-14,4800.0,5450.0,4092.18,3136.0,False,29.48
2026-09-15,4800.0,5450.0,4092.38,3136.0,False,18.14
2026-09-16,4800.0,5450.0,4091.21,3136.0,False,16.54
2026-09-17,4800.0,5450.0,4091.47,3136.0,False,10.25
2026-09-18,4800.0,5450.0,4084.44,3136.0,False,10.69
2026-09-19,4800.0,5450.0,4083.95,3136.0,False,16.27
2026-09-20,4800.0,5450.0,4085.5,3136.0,False,14.7
2026-09-21,5250.0,6100.0,4090.9,3136.0,False,23.87
2026-09-22,5250.0,6100.0,4089.04,3136.0,False,5.76
2026-09-23,5250.0,6100.0,4086.26,3136.0,False,13.77
2026-09-24,5250.0,6100.0,4084.69,3136.0,True,5.98
2026-09-25,5250.0,6100.0,4088.16,3136.0,False,8.24
2026-09-26,5250.0,6100.0,4089.4,3136.0,False,16.46
2026-09-27,5250.0,6100.0,4087.58,3136.0,True,23.81
2026-09-28,5250.0,6100.0,4089.5,3136.0,True,13.22
