customer_id,registration_date,province_code,recency_days,frequency_count_180d,monetary_total_usd,preferred_payment_channel,rfm_segment_cluster,churn_probability_score,historical_clv_usd,predicted_clv_usd,avg_basket_size_usd
CUST-ANON-0000,2026-01-01 08:00:00,KH-12,0,4923,20462.85,KHQR_ABA,1,0.0,20462.85,30694.27,4.16
CUST-0001,2026-02-16 08:00:00,KH-12,11,14,56.8,KHQR_ABA,2,0.12,56.8,85.2,4.06
CUST-0002,2025-06-07 08:00:00,KH-18,4,12,60.95,KHQR_ABA,2,0.04,60.95,91.43,5.08
CUST-0003,2026-06-06 08:00:00,KH-12,8,16,68.25,KHQR_ABA,1,0.09,68.25,102.38,4.27
CUST-0004,2026-06-08 08:00:00,KH-12,1,13,50.85,KHQR_ABA,2,0.01,50.85,76.28,3.91
CUST-0005,2025-09-15 08:00:00,KH-02,23,10,44.05,KHQR_ABA,2,0.26,44.05,66.07,4.4
CUST-0006,2025-05-03 08:00:00,KH-12,7,10,22.5,KHQR_ABA,2,0.08,22.5,33.75,2.25
CUST-0007,2026-01-30 08:00:00,KH-12,23,12,61.05,KHQR_ABA,2,0.26,61.05,91.57,5.09
CUST-0008,2025-12-09 08:00:00,KH-12,19,11,49.9,CASH,2,0.21,49.9,74.85,4.54
CUST-0009,2025-05-04 08:00:00,KH-12,1,18,60.9,KHQR_ABA,1,0.01,60.9,91.35,3.38
CUST-0010,2025-03-06 08:00:00,KH-17,11,13,45.4,KHQR_BAKONG,2,0.12,45.4,68.1,3.49
CUST-0011,2025-08-04 08:00:00,KH-08,4,7,29.1,KHQR_ABA,3,0.04,29.1,43.65,4.16
CUST-0012,2026-05-17 08:00:00,KH-12,5,12,32.85,KHQR_ABA,2,0.06,32.85,49.28,2.74
CUST-0013,2026-05-12 08:00:00,KH-12,22,9,34.5,KHQR_ABA,3,0.24,34.5,51.75,3.83
CUST-0014,2025-07-31 08:00:00,KH-12,0,13,39.8,KHQR_ABA,2,0.0,39.8,59.7,3.06
CUST-0015,2025-07-13 08:00:00,KH-12,1,7,27.05,CASH,3,0.01,27.05,40.58,3.86
CUST-0016,2025-08-14 08:00:00,KH-12,9,12,61.15,KHQR_ABA,2,0.1,61.15,91.72,5.1
CUST-0017,2026-03-30 08:00:00,KH-12,7,5,30.85,KHQR_ABA,3,0.08,30.85,46.28,6.17
CUST-0018,2025-09-09 08:00:00,KH-12,0,19,120.85,KHQR_ABA,1,0.0,120.85,181.27,6.36
CUST-0019,2025-05-20 08:00:00,KH-12,1,16,84.35,KHQR_ABA,1,0.01,84.35,126.52,5.27
CUST-0020,2025-11-28 08:00:00,KH-02,1,8,35.8,CASH,3,0.01,35.8,53.7,4.47
CUST-0021,2025-06-19 08:00:00,KH-17,3,11,28.05,CASH,2,0.03,28.05,42.08,2.55
CUST-0022,2025-03-26 08:00:00,KH-17,9,13,59.75,CASH,2,0.1,59.75,89.62,4.6
CUST-0023,2026-02-15 08:00:00,KH-12,1,12,40.4,CASH,2,0.01,40.4,60.6,3.37
CUST-0024,2025-08-26 08:00:00,KH-02,6,8,32.05,KHQR_ABA,3,0.07,32.05,48.07,4.01
CUST-0025,2026-04-12 08:00:00,KH-12,17,12,82.65,KHQR_ABA,2,0.19,82.65,123.98,6.89
CUST-0026,2025-04-07 08:00:00,KH-17,5,5,12.1,CASH,3,0.06,12.1,18.15,2.42
CUST-0027,2025-07-08 08:00:00,KH-12,1,14,72.25,KHQR_ABA,2,0.01,72.25,108.38,5.16
CUST-0028,2025-08-20 08:00:00,KH-12,1,11,58.95,KHQR_ABA,2,0.01,58.95,88.43,5.36
CUST-0029,2025-02-24 08:00:00,KH-12,3,11,34.1,CASH,2,0.03,34.1,51.15,3.1
CUST-0030,2025-03-25 08:00:00,KH-12,7,11,36.4,KHQR_ABA,2,0.08,36.4,54.6,3.31
CUST-0031,2026-01-22 08:00:00,KH-12,7,15,56.0,KHQR_ABA,1,0.08,56.0,84.0,3.73
CUST-0032,2025-03-30 08:00:00,KH-12,10,10,34.1,KHQR_ABA,2,0.11,34.1,51.15,3.41
CUST-0033,2025-10-05 08:00:00,KH-02,40,6,47.8,KHQR_BAKONG,5,0.44,47.8,71.7,7.97
CUST-0034,2025-10-05 08:00:00,KH-17,25,9,30.95,KHQR_ABA,3,0.28,30.95,46.42,3.44
CUST-0035,2026-03-31 08:00:00,KH-17,3,12,53.2,CASH,2,0.03,53.2,79.8,4.43
CUST-0036,2025-10-14 08:00:00,KH-12,17,9,31.6,KHQR_BAKONG,3,0.19,31.6,47.4,3.51
CUST-0037,2025-05-04 08:00:00,KH-18,7,12,38.65,KHQR_BAKONG,2,0.08,38.65,57.97,3.22
CUST-0038,2025-09-04 08:00:00,KH-17,1,14,64.3,KHQR_BAKONG,2,0.01,64.3,96.45,4.59
CUST-0039,2026-05-17 08:00:00,KH-12,7,11,49.1,KHQR_BAKONG,2,0.08,49.1,73.65,4.46
CUST-0040,2025-02-22 08:00:00,KH-18,14,6,23.7,KHQR_ABA,3,0.16,23.7,35.55,3.95
CUST-0041,2025-08-15 08:00:00,KH-02,5,14,51.7,KHQR_ABA,2,0.06,51.7,77.55,3.69
CUST-0042,2025-07-03 08:00:00,KH-12,1,12,55.5,KHQR_ABA,2,0.01,55.5,83.25,4.62
CUST-0043,2025-07-24 08:00:00,KH-18,2,9,35.2,KHQR_ABA,3,0.02,35.2,52.8,3.91
CUST-0044,2026-02-15 08:00:00,KH-12,1,9,48.2,KHQR_BAKONG,3,0.01,48.2,72.3,5.36
CUST-0045,2025-09-11 08:00:00,KH-17,5,13,44.95,CASH,2,0.06,44.95,67.43,3.46
CUST-0046,2025-06-24 08:00:00,KH-12,5,19,104.0,CASH,1,0.06,104.0,156.0,5.47
CUST-0047,2025-04-07 08:00:00,KH-17,5,13,53.05,KHQR_BAKONG,2,0.06,53.05,79.57,4.08
CUST-0048,2025-07-14 08:00:00,KH-12,2,10,37.4,KHQR_ABA,2,0.02,37.4,56.1,3.74
CUST-0049,2025-02-28 08:00:00,KH-12,11,11,67.15,KHQR_ABA,2,0.12,67.15,100.73,6.1
CUST-0050,2025-10-22 08:00:00,KH-02,2,10,39.45,KHQR_ABA,2,0.02,39.45,59.18,3.95
CUST-0051,2025-11-13 08:00:00,KH-02,16,18,65.75,KHQR_ABA,2,0.18,65.75,98.62,3.65
CUST-0052,2025-06-13 08:00:00,KH-17,11,9,38.85,KHQR_ABA,3,0.12,38.85,58.28,4.32
CUST-0053,2026-05-21 08:00:00,KH-12,2,18,58.55,KHQR_ABA,1,0.02,58.55,87.82,3.25
CUST-0054,2026-04-27 08:00:00,KH-12,21,5,21.9,CASH,3,0.23,21.9,32.85,4.38
CUST-0055,2026-04-11 08:00:00,KH-12,6,9,38.3,KHQR_ABA,3,0.07,38.3,57.45,4.26
CUST-0056,2025-03-31 08:00:00,KH-17,10,21,76.15,CASH,1,0.11,76.15,114.23,3.63
CUST-0057,2025-07-23 08:00:00,KH-12,1,10,76.1,KHQR_ABA,2,0.01,76.1,114.15,7.61
CUST-0058,2026-02-20 08:00:00,KH-12,3,10,48.7,KHQR_ABA,2,0.03,48.7,73.05,4.87
CUST-0059,2025-04-05 08:00:00,KH-17,7,10,64.45,KHQR_ABA,2,0.08,64.45,96.68,6.45
CUST-0060,2025-12-04 08:00:00,KH-12,2,8,22.15,CASH,3,0.02,22.15,33.22,2.77
CUST-0061,2025-02-16 08:00:00,KH-12,31,7,22.2,KHQR_BAKONG,5,0.34,22.2,33.3,3.17
CUST-0062,2026-04-03 08:00:00,KH-08,13,9,41.65,KHQR_ABA,3,0.14,41.65,62.47,4.63
CUST-0063,2025-06-10 08:00:00,KH-12,9,16,63.75,KHQR_BAKONG,1,0.1,63.75,95.62,3.98
CUST-0064,2026-05-27 08:00:00,KH-18,0,15,80.85,KHQR_BAKONG,1,0.0,80.85,121.27,5.39
CUST-0065,2026-04-02 08:00:00,KH-08,22,8,20.55,KHQR_ABA,3,0.24,20.55,30.83,2.57
CUST-0066,2026-05-17 08:00:00,KH-02,6,11,42.15,KHQR_ABA,2,0.07,42.15,63.22,3.83
CUST-0067,2025-11-27 08:00:00,KH-12,1,14,65.75,CASH,2,0.01,65.75,98.62,4.7
CUST-0068,2026-06-01 08:00:00,KH-12,14,15,57.65,CASH,1,0.16,57.65,86.47,3.84
CUST-0069,2025-09-05 08:00:00,KH-17,10,8,26.95,KHQR_BAKONG,3,0.11,26.95,40.42,3.37
CUST-0070,2025-06-20 08:00:00,KH-17,0,13,53.65,CASH,2,0.0,53.65,80.47,4.13
CUST-0071,2025-07-13 08:00:00,KH-12,2,11,70.6,KHQR_ABA,2,0.02,70.6,105.9,6.42
CUST-0072,2025-02-27 08:00:00,KH-08,14,9,44.7,KHQR_BAKONG,3,0.16,44.7,67.05,4.97
CUST-0073,2026-05-01 08:00:00,KH-12,4,12,50.2,CASH,2,0.04,50.2,75.3,4.18
CUST-0074,2026-04-15 08:00:00,KH-02,4,12,31.25,KHQR_BAKONG,2,0.04,31.25,46.88,2.6
CUST-0075,2026-04-02 08:00:00,KH-17,3,7,44.55,KHQR_BAKONG,3,0.03,44.55,66.82,6.36
CUST-0076,2025-05-04 08:00:00,KH-12,8,9,42.35,KHQR_ABA,3,0.09,42.35,63.53,4.71
CUST-0077,2025-09-11 08:00:00,KH-02,24,16,60.4,KHQR_ABA,2,0.27,60.4,90.6,3.77
CUST-0078,2026-02-06 08:00:00,KH-18,27,5,22.1,KHQR_ABA,3,0.3,22.1,33.15,4.42
CUST-0079,2026-02-02 08:00:00,KH-12,5,12,49.05,CASH,2,0.06,49.05,73.57,4.09
CUST-0080,2026-03-09 08:00:00,KH-17,7,14,54.35,KHQR_ABA,2,0.08,54.35,81.53,3.88
CUST-0081,2026-02-13 08:00:00,KH-02,0,18,70.6,KHQR_BAKONG,1,0.0,70.6,105.9,3.92
CUST-0082,2026-01-31 08:00:00,KH-12,4,12,59.0,KHQR_ABA,2,0.04,59.0,88.5,4.92
CUST-0083,2025-07-30 08:00:00,KH-12,1,17,77.5,KHQR_BAKONG,1,0.01,77.5,116.25,4.56
CUST-0084,2025-06-25 08:00:00,KH-12,8,8,36.9,KHQR_ABA,3,0.09,36.9,55.35,4.61
CUST-0085,2025-02-23 08:00:00,KH-12,3,9,28.65,KHQR_ABA,3,0.03,28.65,42.97,3.18
CUST-0086,2025-12-14 08:00:00,KH-17,4,13,68.7,CASH,2,0.04,68.7,103.05,5.28
CUST-0087,2026-05-31 08:00:00,KH-12,28,9,59.3,KHQR_ABA,3,0.31,59.3,88.95,6.59
CUST-0088,2025-07-07 08:00:00,KH-12,9,8,14.15,KHQR_ABA,3,0.1,14.15,21.23,1.77
CUST-0089,2025-09-08 08:00:00,KH-12,12,8,38.05,KHQR_ABA,3,0.13,38.05,57.07,4.76
CUST-0090,2025-04-05 08:00:00,KH-12,8,10,52.6,KHQR_BAKONG,2,0.09,52.6,78.9,5.26
CUST-0091,2025-06-09 08:00:00,KH-12,5,9,21.0,KHQR_ABA,3,0.06,21.0,31.5,2.33
CUST-0092,2025-05-02 08:00:00,KH-12,5,8,43.7,CASH,3,0.06,43.7,65.55,5.46
CUST-0093,2026-04-27 08:00:00,KH-17,5,12,37.05,KHQR_BAKONG,2,0.06,37.05,55.57,3.09
CUST-0094,2025-04-29 08:00:00,KH-08,20,5,26.45,KHQR_ABA,3,0.22,26.45,39.67,5.29
CUST-0095,2025-04-01 08:00:00,KH-12,4,13,44.05,KHQR_BAKONG,2,0.04,44.05,66.07,3.39
CUST-0096,2025-11-29 08:00:00,KH-12,7,11,65.6,KHQR_ABA,2,0.08,65.6,98.4,5.96
CUST-0097,2025-12-24 08:00:00,KH-12,9,9,29.65,CASH,3,0.1,29.65,44.47,3.29
CUST-0098,2025-09-20 08:00:00,KH-08,5,10,28.9,CASH,2,0.06,28.9,43.35,2.89
CUST-0099,2026-03-22 08:00:00,KH-17,2,13,82.0,KHQR_BAKONG,2,0.02,82.0,123.0,6.31
CUST-0100,2025-11-11 08:00:00,KH-12,3,10,85.6,KHQR_ABA,2,0.03,85.6,128.4,8.56
CUST-0101,2025-10-03 08:00:00,KH-12,6,6,29.15,KHQR_ABA,3,0.07,29.15,43.72,4.86
CUST-0102,2026-05-30 08:00:00,KH-17,13,12,71.6,KHQR_ABA,2,0.14,71.6,107.4,5.97
CUST-0103,2025-09-19 08:00:00,KH-12,14,18,58.65,CASH,1,0.16,58.65,87.97,3.26
CUST-0104,2026-03-13 08:00:00,KH-02,3,12,62.05,CASH,2,0.03,62.05,93.07,5.17
CUST-0105,2025-08-06 08:00:00,KH-17,11,9,53.25,KHQR_ABA,3,0.12,53.25,79.88,5.92
CUST-0106,2025-10-05 08:00:00,KH-12,2,13,67.05,KHQR_BAKONG,2,0.02,67.05,100.57,5.16
CUST-0107,2025-06-30 08:00:00,KH-02,3,12,57.5,KHQR_BAKONG,2,0.03,57.5,86.25,4.79
CUST-0108,2025-07-16 08:00:00,KH-12,11,12,66.0,CASH,2,0.12,66.0,99.0,5.5
CUST-0109,2025-09-03 08:00:00,KH-12,4,10,28.1,KHQR_ABA,2,0.04,28.1,42.15,2.81
CUST-0110,2026-01-17 08:00:00,KH-17,14,7,20.2,CASH,3,0.16,20.2,30.3,2.89
CUST-0111,2025-08-15 08:00:00,KH-12,9,11,63.9,CASH,2,0.1,63.9,95.85,5.81
CUST-0112,2025-07-11 08:00:00,KH-12,2,14,48.5,KHQR_ABA,2,0.02,48.5,72.75,3.46
CUST-0113,2025-06-10 08:00:00,KH-12,10,12,55.4,KHQR_BAKONG,2,0.11,55.4,83.1,4.62
CUST-0114,2025-07-17 08:00:00,KH-17,0,10,49.6,KHQR_BAKONG,2,0.0,49.6,74.4,4.96
CUST-0115,2025-02-19 08:00:00,KH-12,26,6,23.95,KHQR_ABA,3,0.29,23.95,35.92,3.99
CUST-0116,2026-03-12 08:00:00,KH-17,2,12,67.3,KHQR_ABA,2,0.02,67.3,100.95,5.61
CUST-0117,2025-08-13 08:00:00,KH-02,10,8,35.85,KHQR_BAKONG,3,0.11,35.85,53.78,4.48
CUST-0118,2026-03-14 08:00:00,KH-12,1,16,79.65,KHQR_ABA,1,0.01,79.65,119.48,4.98
CUST-0119,2026-02-17 08:00:00,KH-17,9,11,35.4,KHQR_ABA,2,0.1,35.4,53.1,3.22
CUST-0120,2025-04-07 08:00:00,KH-17,1,9,51.55,KHQR_BAKONG,3,0.01,51.55,77.32,5.73
CUST-0121,2025-02-16 08:00:00,KH-17,9,23,110.0,KHQR_ABA,1,0.1,110.0,165.0,4.78
CUST-0122,2026-02-14 08:00:00,KH-17,12,11,44.9,KHQR_BAKONG,2,0.13,44.9,67.35,4.08
CUST-0123,2025-07-15 08:00:00,KH-12,3,8,24.7,CASH,3,0.03,24.7,37.05,3.09
CUST-0124,2025-03-22 08:00:00,KH-12,22,9,49.85,KHQR_ABA,3,0.24,49.85,74.78,5.54
CUST-0125,2025-04-22 08:00:00,KH-18,7,6,31.3,CASH,3,0.08,31.3,46.95,5.22
CUST-0126,2025-10-21 08:00:00,KH-12,5,15,60.45,KHQR_ABA,1,0.06,60.45,90.68,4.03
CUST-0127,2026-01-31 08:00:00,KH-12,1,10,55.3,CASH,2,0.01,55.3,82.95,5.53
CUST-0128,2025-11-08 08:00:00,KH-17,1,13,39.15,CASH,2,0.01,39.15,58.72,3.01
CUST-0129,2026-01-01 08:00:00,KH-12,15,8,55.75,KHQR_ABA,3,0.17,55.75,83.62,6.97
CUST-0130,2026-02-23 08:00:00,KH-12,5,8,21.25,KHQR_ABA,3,0.06,21.25,31.88,2.66
CUST-0131,2026-05-20 08:00:00,KH-12,18,12,55.0,CASH,2,0.2,55.0,82.5,4.58
CUST-0132,2025-11-21 08:00:00,KH-17,0,8,29.75,CASH,3,0.0,29.75,44.62,3.72
CUST-0133,2025-08-26 08:00:00,KH-02,3,11,33.55,KHQR_ABA,2,0.03,33.55,50.32,3.05
CUST-0134,2026-06-18 08:00:00,KH-02,6,8,55.8,KHQR_ABA,3,0.07,55.8,83.7,6.97
CUST-0135,2025-11-19 08:00:00,KH-12,12,12,61.5,CASH,2,0.13,61.5,92.25,5.12
CUST-0136,2025-08-17 08:00:00,KH-02,11,9,41.35,KHQR_BAKONG,3,0.12,41.35,62.03,4.59
CUST-0137,2025-10-16 08:00:00,KH-12,1,11,47.6,KHQR_BAKONG,2,0.01,47.6,71.4,4.33
CUST-0138,2025-05-09 08:00:00,KH-02,0,13,54.25,CASH,2,0.0,54.25,81.38,4.17
CUST-0139,2025-03-08 08:00:00,KH-18,1,14,53.55,KHQR_ABA,2,0.01,53.55,80.32,3.82
CUST-0140,2025-08-22 08:00:00,KH-12,2,19,73.0,KHQR_ABA,1,0.02,73.0,109.5,3.84
CUST-0141,2025-11-14 08:00:00,KH-02,24,5,18.1,CASH,3,0.27,18.1,27.15,3.62
CUST-0142,2025-12-09 08:00:00,KH-18,1,14,50.1,CASH,2,0.01,50.1,75.15,3.58
CUST-0143,2025-05-28 08:00:00,KH-02,7,7,28.7,KHQR_ABA,3,0.08,28.7,43.05,4.1
CUST-0144,2026-05-11 08:00:00,KH-18,16,11,50.85,KHQR_ABA,2,0.18,50.85,76.28,4.62
CUST-0145,2025-02-19 08:00:00,KH-12,0,15,95.6,KHQR_ABA,1,0.0,95.6,143.4,6.37
CUST-0146,2025-02-16 08:00:00,KH-12,9,11,39.8,KHQR_ABA,2,0.1,39.8,59.7,3.62
CUST-0147,2025-04-18 08:00:00,KH-08,15,11,63.8,KHQR_BAKONG,2,0.17,63.8,95.7,5.8
CUST-0148,2025-10-22 08:00:00,KH-17,9,12,52.4,CASH,2,0.1,52.4,78.6,4.37
CUST-0149,2025-06-28 08:00:00,KH-12,4,10,26.5,KHQR_ABA,2,0.04,26.5,39.75,2.65
CUST-0150,2025-06-04 08:00:00,KH-12,10,7,33.7,CASH,3,0.11,33.7,50.55,4.81
CUST-0151,2025-08-29 08:00:00,KH-02,1,6,16.45,KHQR_ABA,3,0.01,16.45,24.67,2.74
CUST-0152,2025-11-30 08:00:00,KH-02,14,9,40.75,KHQR_ABA,3,0.16,40.75,61.12,4.53
CUST-0153,2025-04-22 08:00:00,KH-12,17,13,46.65,CASH,2,0.19,46.65,69.97,3.59
CUST-0154,2026-01-18 08:00:00,KH-12,7,10,28.05,KHQR_ABA,2,0.08,28.05,42.08,2.81
CUST-0155,2025-05-17 08:00:00,KH-18,10,9,38.45,KHQR_ABA,3,0.11,38.45,57.68,4.27
CUST-0156,2025-12-14 08:00:00,KH-12,32,5,51.45,KHQR_ABA,5,0.36,51.45,77.18,10.29
CUST-0157,2025-04-13 08:00:00,KH-02,8,14,59.8,KHQR_ABA,2,0.09,59.8,89.7,4.27
CUST-0158,2025-07-31 08:00:00,KH-12,11,14,43.05,KHQR_ABA,2,0.12,43.05,64.57,3.07
CUST-0159,2025-06-11 08:00:00,KH-17,6,15,55.55,KHQR_BAKONG,1,0.07,55.55,83.32,3.7
CUST-0160,2025-03-08 08:00:00,KH-02,6,8,30.9,CASH,3,0.07,30.9,46.35,3.86
CUST-0161,2025-06-12 08:00:00,KH-12,6,15,91.2,KHQR_ABA,1,0.07,91.2,136.8,6.08
CUST-0162,2025-04-22 08:00:00,KH-08,2,12,59.25,CASH,2,0.02,59.25,88.88,4.94
CUST-0163,2025-10-27 08:00:00,KH-12,15,17,54.05,CASH,2,0.17,54.05,81.07,3.18
CUST-0164,2026-06-07 08:00:00,KH-18,2,12,38.55,KHQR_ABA,2,0.02,38.55,57.82,3.21
CUST-0165,2025-12-22 08:00:00,KH-02,12,12,44.9,KHQR_ABA,2,0.13,44.9,67.35,3.74
CUST-0166,2025-03-28 08:00:00,KH-12,9,9,32.0,KHQR_BAKONG,3,0.1,32.0,48.0,3.56
CUST-0167,2026-05-09 08:00:00,KH-17,0,9,42.65,CASH,3,0.0,42.65,63.97,4.74
CUST-0168,2025-05-29 08:00:00,KH-18,19,12,60.55,KHQR_BAKONG,2,0.21,60.55,90.82,5.05
CUST-0169,2025-10-13 08:00:00,KH-12,3,11,34.9,KHQR_BAKONG,2,0.03,34.9,52.35,3.17
CUST-0170,2025-11-26 08:00:00,KH-12,13,7,26.75,KHQR_ABA,3,0.14,26.75,40.12,3.82
CUST-0171,2025-12-15 08:00:00,KH-12,0,13,46.55,CASH,2,0.0,46.55,69.82,3.58
CUST-0172,2025-06-05 08:00:00,KH-17,2,9,35.7,KHQR_ABA,3,0.02,35.7,53.55,3.97
CUST-0173,2026-02-03 08:00:00,KH-17,4,15,44.0,KHQR_ABA,1,0.04,44.0,66.0,2.93
CUST-0174,2026-03-15 08:00:00,KH-12,21,4,15.0,KHQR_BAKONG,3,0.23,15.0,22.5,3.75
CUST-0175,2025-07-03 08:00:00,KH-02,5,13,71.25,KHQR_BAKONG,2,0.06,71.25,106.88,5.48
CUST-0176,2026-01-31 08:00:00,KH-08,16,8,46.45,KHQR_ABA,3,0.18,46.45,69.68,5.81
CUST-0177,2026-05-01 08:00:00,KH-08,0,11,26.0,KHQR_BAKONG,2,0.0,26.0,39.0,2.36
CUST-0178,2026-01-18 08:00:00,KH-18,1,12,54.9,KHQR_ABA,2,0.01,54.9,82.35,4.58
CUST-0179,2026-05-29 08:00:00,KH-08,2,8,30.7,KHQR_ABA,3,0.02,30.7,46.05,3.84
CUST-0180,2025-07-30 08:00:00,KH-17,0,10,29.95,CASH,2,0.0,29.95,44.92,3.0
CUST-0181,2025-10-24 08:00:00,KH-12,10,9,38.0,KHQR_ABA,3,0.11,38.0,57.0,4.22
CUST-0182,2026-02-12 08:00:00,KH-17,6,13,87.25,KHQR_BAKONG,2,0.07,87.25,130.88,6.71
CUST-0183,2026-05-15 08:00:00,KH-17,0,17,67.35,KHQR_ABA,1,0.0,67.35,101.02,3.96
CUST-0184,2026-04-06 08:00:00,KH-18,10,6,26.8,KHQR_ABA,3,0.11,26.8,40.2,4.47
CUST-0185,2025-09-09 08:00:00,KH-12,3,8,26.45,CASH,3,0.03,26.45,39.67,3.31
CUST-0186,2026-02-26 08:00:00,KH-18,13,8,27.7,CASH,3,0.14,27.7,41.55,3.46
CUST-0187,2025-04-07 08:00:00,KH-17,10,9,29.75,KHQR_ABA,3,0.11,29.75,44.62,3.31
CUST-0188,2026-05-22 08:00:00,KH-12,14,11,56.05,KHQR_ABA,2,0.16,56.05,84.07,5.1
CUST-0189,2025-08-05 08:00:00,KH-12,3,10,45.6,KHQR_ABA,2,0.03,45.6,68.4,4.56
CUST-0190,2026-02-19 08:00:00,KH-12,11,11,43.35,KHQR_ABA,2,0.12,43.35,65.03,3.94
CUST-0191,2025-11-24 08:00:00,KH-08,6,19,88.5,KHQR_BAKONG,1,0.07,88.5,132.75,4.66
CUST-0192,2026-06-05 08:00:00,KH-12,9,15,59.5,CASH,1,0.1,59.5,89.25,3.97
CUST-0193,2025-04-07 08:00:00,KH-02,18,14,92.9,KHQR_ABA,2,0.2,92.9,139.35,6.64
CUST-0194,2025-05-14 08:00:00,KH-12,8,12,34.75,CASH,2,0.09,34.75,52.12,2.9
CUST-0195,2025-11-16 08:00:00,KH-02,1,12,36.6,CASH,2,0.01,36.6,54.9,3.05
CUST-0196,2025-03-13 08:00:00,KH-17,4,9,35.65,CASH,3,0.04,35.65,53.47,3.96
CUST-0197,2025-05-12 08:00:00,KH-12,2,6,27.15,KHQR_ABA,3,0.02,27.15,40.72,4.52
CUST-0198,2025-03-07 08:00:00,KH-02,14,16,64.6,CASH,1,0.16,64.6,96.9,4.04
CUST-0199,2026-01-17 08:00:00,KH-12,15,10,28.85,KHQR_ABA,2,0.17,28.85,43.28,2.89
CUST-0200,2025-10-12 08:00:00,KH-02,17,13,41.95,CASH,2,0.19,41.95,62.93,3.23
CUST-0201,2025-06-10 08:00:00,KH-12,9,9,33.35,KHQR_ABA,3,0.1,33.35,50.03,3.71
CUST-0202,2026-02-24 08:00:00,KH-12,1,5,11.3,CASH,3,0.01,11.3,16.95,2.26
CUST-0203,2025-07-12 08:00:00,KH-02,8,10,43.2,KHQR_ABA,2,0.09,43.2,64.8,4.32
CUST-0204,2026-03-24 08:00:00,KH-12,2,9,30.6,KHQR_BAKONG,3,0.02,30.6,45.9,3.4
CUST-0205,2026-03-21 08:00:00,KH-12,0,10,89.3,CASH,2,0.0,89.3,133.95,8.93
CUST-0206,2026-05-06 08:00:00,KH-02,9,13,42.6,KHQR_ABA,2,0.1,42.6,63.9,3.28
CUST-0207,2025-07-13 08:00:00,KH-08,28,7,28.65,KHQR_BAKONG,3,0.31,28.65,42.97,4.09
CUST-0208,2025-10-11 08:00:00,KH-17,14,13,42.6,KHQR_ABA,2,0.16,42.6,63.9,3.28
CUST-0209,2025-09-13 08:00:00,KH-18,2,11,26.0,KHQR_ABA,2,0.02,26.0,39.0,2.36
CUST-0210,2026-01-07 08:00:00,KH-12,8,15,43.05,KHQR_BAKONG,1,0.09,43.05,64.57,2.87
CUST-0211,2025-07-20 08:00:00,KH-12,6,10,50.35,CASH,2,0.07,50.35,75.53,5.04
CUST-0212,2025-09-29 08:00:00,KH-17,22,7,18.95,CASH,3,0.24,18.95,28.42,2.71
CUST-0213,2025-05-28 08:00:00,KH-17,1,14,65.35,KHQR_ABA,2,0.01,65.35,98.02,4.67
CUST-0214,2025-03-04 08:00:00,KH-12,3,10,36.35,KHQR_ABA,2,0.03,36.35,54.53,3.64
CUST-0215,2026-06-07 08:00:00,KH-17,12,15,104.05,KHQR_ABA,1,0.13,104.05,156.07,6.94
CUST-0216,2026-01-13 08:00:00,KH-02,5,8,34.85,CASH,3,0.06,34.85,52.28,4.36
CUST-0217,2026-02-26 08:00:00,KH-02,8,8,36.5,KHQR_ABA,3,0.09,36.5,54.75,4.56
CUST-0218,2026-04-04 08:00:00,KH-17,10,15,72.35,KHQR_ABA,1,0.11,72.35,108.52,4.82
CUST-0219,2026-02-02 08:00:00,KH-12,3,8,55.05,KHQR_BAKONG,3,0.03,55.05,82.57,6.88
CUST-0220,2025-09-12 08:00:00,KH-12,4,7,27.95,KHQR_BAKONG,3,0.04,27.95,41.92,3.99
CUST-0221,2025-06-04 08:00:00,KH-17,3,12,41.55,KHQR_ABA,2,0.03,41.55,62.32,3.46
CUST-0222,2025-04-10 08:00:00,KH-12,13,6,19.7,CASH,3,0.14,19.7,29.55,3.28
CUST-0223,2026-06-20 08:00:00,KH-12,20,10,84.85,CASH,2,0.22,84.85,127.27,8.48
CUST-0224,2025-08-29 08:00:00,KH-17,8,11,38.2,KHQR_ABA,2,0.09,38.2,57.3,3.47
CUST-0225,2025-10-17 08:00:00,KH-12,2,9,60.55,KHQR_BAKONG,3,0.02,60.55,90.82,6.73
CUST-0226,2025-12-10 08:00:00,KH-12,11,12,37.45,KHQR_BAKONG,2,0.12,37.45,56.18,3.12
CUST-0227,2025-09-02 08:00:00,KH-02,16,6,42.85,KHQR_ABA,3,0.18,42.85,64.28,7.14
CUST-0228,2025-06-05 08:00:00,KH-17,1,11,36.3,KHQR_ABA,2,0.01,36.3,54.45,3.3
CUST-0229,2025-05-12 08:00:00,KH-18,8,7,41.1,KHQR_BAKONG,3,0.09,41.1,61.65,5.87
CUST-0230,2025-10-07 08:00:00,KH-18,4,16,72.65,KHQR_ABA,1,0.04,72.65,108.98,4.54
CUST-0231,2025-11-08 08:00:00,KH-12,3,9,41.8,CASH,3,0.03,41.8,62.7,4.64
CUST-0232,2026-04-09 08:00:00,KH-08,17,11,44.15,KHQR_ABA,2,0.19,44.15,66.22,4.01
CUST-0233,2025-05-17 08:00:00,KH-12,7,6,10.75,KHQR_BAKONG,3,0.08,10.75,16.12,1.79
CUST-0234,2025-07-24 08:00:00,KH-12,1,4,14.0,KHQR_ABA,3,0.01,14.0,21.0,3.5
CUST-0235,2025-12-09 08:00:00,KH-12,8,10,45.9,CASH,2,0.09,45.9,68.85,4.59
CUST-0236,2025-04-01 08:00:00,KH-12,12,7,27.7,KHQR_ABA,3,0.13,27.7,41.55,3.96
CUST-0237,2025-08-02 08:00:00,KH-17,12,8,26.05,KHQR_ABA,3,0.13,26.05,39.08,3.26
CUST-0238,2025-11-11 08:00:00,KH-12,1,16,53.95,CASH,1,0.01,53.95,80.93,3.37
CUST-0239,2025-11-06 08:00:00,KH-12,3,18,104.7,CASH,1,0.03,104.7,157.05,5.82
CUST-0240,2026-01-06 08:00:00,KH-12,18,11,26.6,KHQR_ABA,2,0.2,26.6,39.9,2.42
CUST-0241,2026-04-08 08:00:00,KH-12,6,18,83.8,CASH,1,0.07,83.8,125.7,4.66
CUST-0242,2025-05-12 08:00:00,KH-12,6,9,41.8,KHQR_ABA,3,0.07,41.8,62.7,4.64
CUST-0243,2025-04-02 08:00:00,KH-12,2,9,33.15,CASH,3,0.02,33.15,49.72,3.68
CUST-0244,2025-03-11 08:00:00,KH-12,30,8,65.5,KHQR_ABA,3,0.33,65.5,98.25,8.19
CUST-0245,2026-02-11 08:00:00,KH-12,1,12,35.3,KHQR_ABA,2,0.01,35.3,52.95,2.94
CUST-0246,2025-10-26 08:00:00,KH-17,8,14,75.45,KHQR_ABA,2,0.09,75.45,113.18,5.39
CUST-0247,2025-11-07 08:00:00,KH-02,0,12,54.1,KHQR_ABA,2,0.0,54.1,81.15,4.51
CUST-0248,2025-07-03 08:00:00,KH-12,1,11,55.0,KHQR_ABA,2,0.01,55.0,82.5,5.0
CUST-0249,2025-04-11 08:00:00,KH-18,21,5,19.35,KHQR_ABA,3,0.23,19.35,29.03,3.87
CUST-0250,2025-12-20 08:00:00,KH-12,2,15,68.3,KHQR_ABA,1,0.02,68.3,102.45,4.55
CUST-0251,2025-04-23 08:00:00,KH-02,1,10,35.25,KHQR_ABA,2,0.01,35.25,52.88,3.52
CUST-0252,2025-04-05 08:00:00,KH-12,2,9,36.15,KHQR_ABA,3,0.02,36.15,54.22,4.02
CUST-0253,2025-10-10 08:00:00,KH-12,2,11,39.55,KHQR_ABA,2,0.02,39.55,59.32,3.6
CUST-0254,2026-03-01 08:00:00,KH-12,14,8,44.2,CASH,3,0.16,44.2,66.3,5.53
CUST-0255,2025-05-31 08:00:00,KH-02,6,11,36.9,CASH,2,0.07,36.9,55.35,3.35
CUST-0256,2025-08-04 08:00:00,KH-12,12,7,20.85,CASH,3,0.13,20.85,31.28,2.98
CUST-0257,2025-05-14 08:00:00,KH-18,1,7,25.45,KHQR_BAKONG,3,0.01,25.45,38.17,3.64
CUST-0258,2026-04-15 08:00:00,KH-12,21,6,40.8,CASH,3,0.23,40.8,61.2,6.8
CUST-0259,2026-03-24 08:00:00,KH-12,5,11,66.6,KHQR_ABA,2,0.06,66.6,99.9,6.05
CUST-0260,2025-09-23 08:00:00,KH-12,28,8,29.85,KHQR_ABA,3,0.31,29.85,44.78,3.73
CUST-0261,2025-02-23 08:00:00,KH-12,16,6,17.35,CASH,3,0.18,17.35,26.03,2.89
CUST-0262,2025-05-06 08:00:00,KH-12,10,11,40.2,CASH,2,0.11,40.2,60.3,3.65
CUST-0263,2026-02-26 08:00:00,KH-12,16,6,12.45,KHQR_ABA,3,0.18,12.45,18.67,2.07
CUST-0264,2025-05-06 08:00:00,KH-18,3,11,57.85,KHQR_BAKONG,2,0.03,57.85,86.78,5.26
CUST-0265,2026-06-14 08:00:00,KH-17,8,10,55.5,CASH,2,0.09,55.5,83.25,5.55
CUST-0266,2025-07-12 08:00:00,KH-12,6,9,36.25,KHQR_ABA,3,0.07,36.25,54.38,4.03
CUST-0267,2025-04-26 08:00:00,KH-12,1,11,46.05,KHQR_BAKONG,2,0.01,46.05,69.07,4.19
CUST-0268,2025-10-23 08:00:00,KH-02,0,14,47.35,CASH,2,0.0,47.35,71.03,3.38
CUST-0269,2026-02-28 08:00:00,KH-12,16,10,32.75,KHQR_ABA,2,0.18,32.75,49.12,3.27
CUST-0270,2025-03-13 08:00:00,KH-12,8,8,39.9,KHQR_ABA,3,0.09,39.9,59.85,4.99
CUST-0271,2026-04-11 08:00:00,KH-17,16,9,30.1,CASH,3,0.18,30.1,45.15,3.34
CUST-0272,2026-05-03 08:00:00,KH-08,3,7,16.1,KHQR_ABA,3,0.03,16.1,24.15,2.3
CUST-0273,2025-12-14 08:00:00,KH-12,5,14,62.8,KHQR_BAKONG,2,0.06,62.8,94.2,4.49
CUST-0274,2025-08-25 08:00:00,KH-12,2,15,49.15,KHQR_ABA,1,0.02,49.15,73.72,3.28
CUST-0275,2026-05-02 08:00:00,KH-12,3,13,43.95,CASH,2,0.03,43.95,65.93,3.38
CUST-0276,2025-07-03 08:00:00,KH-12,21,10,39.9,KHQR_ABA,2,0.23,39.9,59.85,3.99
CUST-0277,2025-04-10 08:00:00,KH-18,2,7,27.1,KHQR_ABA,3,0.02,27.1,40.65,3.87
CUST-0278,2025-03-17 08:00:00,KH-12,3,14,72.05,KHQR_ABA,2,0.03,72.05,108.07,5.15
CUST-0279,2026-03-16 08:00:00,KH-08,16,6,25.15,CASH,3,0.18,25.15,37.72,4.19
CUST-0280,2025-07-28 08:00:00,KH-12,0,14,55.05,KHQR_BAKONG,2,0.0,55.05,82.57,3.93
CUST-0281,2026-01-02 08:00:00,KH-02,0,10,34.15,KHQR_BAKONG,2,0.0,34.15,51.22,3.42
CUST-0282,2025-04-23 08:00:00,KH-12,13,10,53.65,CASH,2,0.14,53.65,80.47,5.37
CUST-0283,2025-04-02 08:00:00,KH-17,0,15,76.15,CASH,1,0.0,76.15,114.23,5.08
CUST-0284,2026-06-20 08:00:00,KH-17,10,8,47.7,KHQR_ABA,3,0.11,47.7,71.55,5.96
CUST-0285,2025-05-09 08:00:00,KH-12,3,14,50.2,KHQR_ABA,2,0.03,50.2,75.3,3.59
CUST-0286,2026-04-15 08:00:00,KH-12,19,7,33.15,CASH,3,0.21,33.15,49.72,4.74
CUST-0287,2026-06-13 08:00:00,KH-12,3,12,48.3,KHQR_BAKONG,2,0.03,48.3,72.45,4.02
CUST-0288,2025-11-18 08:00:00,KH-12,9,9,35.35,CASH,3,0.1,35.35,53.03,3.93
CUST-0289,2025-11-04 08:00:00,KH-17,5,15,38.75,KHQR_ABA,1,0.06,38.75,58.12,2.58
CUST-0290,2025-10-07 08:00:00,KH-17,3,9,29.5,CASH,3,0.03,29.5,44.25,3.28
CUST-0291,2025-03-13 08:00:00,KH-12,25,6,22.45,KHQR_ABA,3,0.28,22.45,33.67,3.74
CUST-0292,2026-06-06 08:00:00,KH-12,8,10,34.85,KHQR_ABA,2,0.09,34.85,52.28,3.49
CUST-0293,2026-04-27 08:00:00,KH-12,17,11,29.7,KHQR_BAKONG,2,0.19,29.7,44.55,2.7
CUST-0294,2026-01-08 08:00:00,KH-08,2,13,41.2,KHQR_ABA,2,0.02,41.2,61.8,3.17
CUST-0295,2025-08-06 08:00:00,KH-02,0,8,47.05,CASH,3,0.0,47.05,70.57,5.88
CUST-0296,2025-12-08 08:00:00,KH-17,1,12,41.7,KHQR_BAKONG,2,0.01,41.7,62.55,3.48
CUST-0297,2025-08-16 08:00:00,KH-17,15,7,20.4,KHQR_ABA,3,0.17,20.4,30.6,2.91
CUST-0298,2025-07-21 08:00:00,KH-12,14,16,67.8,CASH,1,0.16,67.8,101.7,4.24
CUST-0299,2025-11-13 08:00:00,KH-18,0,11,34.95,CASH,2,0.0,34.95,52.43,3.18
CUST-0300,2025-11-01 08:00:00,KH-08,1,19,91.4,KHQR_ABA,1,0.01,91.4,137.1,4.81
CUST-0301,2025-11-15 08:00:00,KH-02,8,7,20.95,KHQR_ABA,3,0.09,20.95,31.42,2.99
CUST-0302,2025-07-05 08:00:00,KH-12,6,6,17.6,KHQR_ABA,3,0.07,17.6,26.4,2.93
CUST-0303,2026-05-05 08:00:00,KH-02,1,13,68.6,KHQR_ABA,2,0.01,68.6,102.9,5.28
CUST-0304,2025-05-02 08:00:00,KH-02,1,13,47.65,KHQR_BAKONG,2,0.01,47.65,71.47,3.67
CUST-0305,2025-09-07 08:00:00,KH-02,0,10,53.15,KHQR_ABA,2,0.0,53.15,79.72,5.31
CUST-0306,2025-03-31 08:00:00,KH-12,2,8,20.85,KHQR_ABA,3,0.02,20.85,31.28,2.61
CUST-0307,2025-08-18 08:00:00,KH-02,5,10,40.05,KHQR_ABA,2,0.06,40.05,60.07,4.0
CUST-0308,2026-03-05 08:00:00,KH-12,12,13,49.0,KHQR_ABA,2,0.13,49.0,73.5,3.77
CUST-0309,2026-04-27 08:00:00,KH-02,7,9,54.2,CASH,3,0.08,54.2,81.3,6.02
CUST-0310,2026-01-30 08:00:00,KH-02,7,12,60.35,KHQR_ABA,2,0.08,60.35,90.53,5.03
CUST-0311,2025-05-25 08:00:00,KH-12,2,9,25.45,KHQR_ABA,3,0.02,25.45,38.17,2.83
CUST-0312,2026-06-08 08:00:00,KH-12,17,8,31.7,KHQR_ABA,3,0.19,31.7,47.55,3.96
CUST-0313,2026-03-21 08:00:00,KH-12,11,8,18.35,CASH,3,0.12,18.35,27.53,2.29
CUST-0314,2026-06-18 08:00:00,KH-18,2,11,72.25,KHQR_ABA,2,0.02,72.25,108.38,6.57
CUST-0315,2026-05-17 08:00:00,KH-12,21,11,41.85,CASH,2,0.23,41.85,62.78,3.8
CUST-0316,2025-06-04 08:00:00,KH-17,9,12,43.2,KHQR_BAKONG,2,0.1,43.2,64.8,3.6
CUST-0317,2025-12-29 08:00:00,KH-18,0,13,34.55,KHQR_BAKONG,2,0.0,34.55,51.82,2.66
CUST-0318,2025-05-20 08:00:00,KH-12,3,10,79.7,KHQR_ABA,2,0.03,79.7,119.55,7.97
CUST-0319,2026-04-02 08:00:00,KH-02,4,10,31.25,KHQR_ABA,2,0.04,31.25,46.88,3.12
CUST-0320,2025-11-07 08:00:00,KH-12,2,13,60.75,CASH,2,0.02,60.75,91.12,4.67
CUST-0321,2025-11-21 08:00:00,KH-02,0,7,26.2,KHQR_ABA,3,0.0,26.2,39.3,3.74
CUST-0322,2025-11-13 08:00:00,KH-12,8,7,25.3,KHQR_ABA,3,0.09,25.3,37.95,3.61
CUST-0323,2025-10-15 08:00:00,KH-02,13,6,27.05,CASH,3,0.14,27.05,40.58,4.51
CUST-0324,2025-12-01 08:00:00,KH-17,14,7,31.45,CASH,3,0.16,31.45,47.17,4.49
CUST-0325,2025-02-22 08:00:00,KH-02,4,10,37.05,CASH,2,0.04,37.05,55.57,3.7
CUST-0326,2026-04-21 08:00:00,KH-02,4,8,16.75,KHQR_ABA,3,0.04,16.75,25.12,2.09
CUST-0327,2026-04-16 08:00:00,KH-02,29,8,39.1,CASH,3,0.32,39.1,58.65,4.89
CUST-0328,2025-09-08 08:00:00,KH-12,1,9,46.95,CASH,3,0.01,46.95,70.43,5.22
CUST-0329,2025-06-07 08:00:00,KH-12,7,12,38.85,KHQR_ABA,2,0.08,38.85,58.28,3.24
CUST-0330,2025-04-06 08:00:00,KH-17,1,16,53.3,KHQR_BAKONG,1,0.01,53.3,79.95,3.33
CUST-0331,2025-06-23 08:00:00,KH-17,3,8,33.8,CASH,3,0.03,33.8,50.7,4.22
CUST-0332,2026-06-11 08:00:00,KH-12,24,13,64.45,KHQR_ABA,2,0.27,64.45,96.68,4.96
CUST-0333,2025-07-03 08:00:00,KH-12,0,10,52.9,CASH,2,0.0,52.9,79.35,5.29
CUST-0334,2026-02-17 08:00:00,KH-18,5,12,32.9,CASH,2,0.06,32.9,49.35,2.74
CUST-0335,2025-12-01 08:00:00,KH-12,23,6,46.45,CASH,3,0.26,46.45,69.68,7.74
CUST-0336,2025-05-19 08:00:00,KH-18,2,8,38.75,KHQR_ABA,3,0.02,38.75,58.12,4.84
CUST-0337,2025-09-23 08:00:00,KH-17,5,9,23.0,KHQR_ABA,3,0.06,23.0,34.5,2.56
CUST-0338,2025-02-16 08:00:00,KH-17,1,8,32.9,KHQR_ABA,3,0.01,32.9,49.35,4.11
CUST-0339,2026-02-10 08:00:00,KH-02,14,13,35.85,KHQR_ABA,2,0.16,35.85,53.78,2.76
CUST-0340,2025-05-29 08:00:00,KH-17,20,6,24.2,CASH,3,0.22,24.2,36.3,4.03
CUST-0341,2025-10-12 08:00:00,KH-18,14,10,44.1,KHQR_ABA,2,0.16,44.1,66.15,4.41
CUST-0342,2025-03-05 08:00:00,KH-12,4,9,46.85,CASH,3,0.04,46.85,70.28,5.21
CUST-0343,2025-04-05 08:00:00,KH-17,6,13,58.5,KHQR_ABA,2,0.07,58.5,87.75,4.5
CUST-0344,2025-10-24 08:00:00,KH-02,13,12,57.9,KHQR_BAKONG,2,0.14,57.9,86.85,4.83
CUST-0345,2025-08-23 08:00:00,KH-18,12,8,61.15,CASH,3,0.13,61.15,91.72,7.64
CUST-0346,2025-10-28 08:00:00,KH-12,0,17,71.2,KHQR_ABA,1,0.0,71.2,106.8,4.19
CUST-0347,2026-01-26 08:00:00,KH-02,8,11,27.5,KHQR_ABA,2,0.09,27.5,41.25,2.5
CUST-0348,2025-10-05 08:00:00,KH-18,8,11,53.55,KHQR_ABA,2,0.09,53.55,80.32,4.87
CUST-0349,2025-06-08 08:00:00,KH-12,0,13,84.35,KHQR_BAKONG,2,0.0,84.35,126.52,6.49
CUST-0350,2026-01-08 08:00:00,KH-12,0,6,16.95,KHQR_ABA,3,0.0,16.95,25.42,2.82
CUST-0351,2025-11-03 08:00:00,KH-12,10,6,32.35,CASH,3,0.11,32.35,48.53,5.39
CUST-0352,2025-07-26 08:00:00,KH-12,12,10,30.1,CASH,2,0.13,30.1,45.15,3.01
CUST-0353,2025-11-09 08:00:00,KH-12,1,10,55.5,KHQR_ABA,2,0.01,55.5,83.25,5.55
CUST-0354,2025-12-13 08:00:00,KH-18,17,9,43.05,KHQR_ABA,3,0.19,43.05,64.57,4.78
CUST-0355,2025-07-09 08:00:00,KH-12,0,15,80.95,KHQR_BAKONG,1,0.0,80.95,121.43,5.4
CUST-0356,2026-05-19 08:00:00,KH-12,5,11,45.25,CASH,2,0.06,45.25,67.88,4.11
CUST-0357,2026-01-27 08:00:00,KH-12,24,9,40.5,KHQR_BAKONG,3,0.27,40.5,60.75,4.5
CUST-0358,2026-04-06 08:00:00,KH-12,11,10,40.0,CASH,2,0.12,40.0,60.0,4.0
CUST-0359,2025-03-09 08:00:00,KH-12,9,14,47.0,CASH,2,0.1,47.0,70.5,3.36
CUST-0360,2025-12-03 08:00:00,KH-12,11,4,17.85,CASH,3,0.12,17.85,26.78,4.46
CUST-0361,2025-09-08 08:00:00,KH-17,19,10,48.0,KHQR_ABA,2,0.21,48.0,72.0,4.8
CUST-0362,2025-07-13 08:00:00,KH-17,12,12,48.75,CASH,2,0.13,48.75,73.12,4.06
CUST-0363,2025-07-26 08:00:00,KH-08,1,11,44.4,KHQR_BAKONG,2,0.01,44.4,66.6,4.04
CUST-0364,2025-12-18 08:00:00,KH-12,6,9,65.8,KHQR_BAKONG,3,0.07,65.8,98.7,7.31
CUST-0365,2025-10-16 08:00:00,KH-08,14,11,22.6,KHQR_BAKONG,2,0.16,22.6,33.9,2.05
CUST-0366,2026-01-21 08:00:00,KH-17,5,19,109.0,CASH,1,0.06,109.0,163.5,5.74
CUST-0367,2025-03-26 08:00:00,KH-02,16,11,24.0,CASH,2,0.18,24.0,36.0,2.18
CUST-0368,2025-05-25 08:00:00,KH-18,3,10,28.05,KHQR_ABA,2,0.03,28.05,42.08,2.81
CUST-0369,2026-03-30 08:00:00,KH-12,19,5,23.05,CASH,3,0.21,23.05,34.58,4.61
CUST-0370,2025-06-17 08:00:00,KH-12,0,10,47.8,KHQR_ABA,2,0.0,47.8,71.7,4.78
CUST-0371,2025-06-18 08:00:00,KH-12,19,5,23.85,CASH,3,0.21,23.85,35.78,4.77
CUST-0372,2025-06-03 08:00:00,KH-12,3,14,60.65,KHQR_ABA,2,0.03,60.65,90.97,4.33
CUST-0373,2025-05-03 08:00:00,KH-12,0,10,47.4,KHQR_BAKONG,2,0.0,47.4,71.1,4.74
CUST-0374,2025-11-08 08:00:00,KH-17,3,8,19.3,KHQR_ABA,3,0.03,19.3,28.95,2.41
CUST-0375,2025-11-19 08:00:00,KH-12,10,12,58.45,KHQR_ABA,2,0.11,58.45,87.68,4.87
CUST-0376,2026-02-13 08:00:00,KH-18,10,9,38.5,KHQR_BAKONG,3,0.11,38.5,57.75,4.28
CUST-0377,2025-09-11 08:00:00,KH-12,1,13,73.65,CASH,2,0.01,73.65,110.48,5.67
CUST-0378,2026-01-27 08:00:00,KH-12,5,11,40.05,KHQR_ABA,2,0.06,40.05,60.07,3.64
CUST-0379,2026-04-07 08:00:00,KH-12,5,12,58.05,KHQR_ABA,2,0.06,58.05,87.07,4.84
CUST-0380,2025-03-26 08:00:00,KH-17,0,14,37.5,KHQR_BAKONG,2,0.0,37.5,56.25,2.68
CUST-0381,2025-10-07 08:00:00,KH-12,2,5,16.7,KHQR_ABA,3,0.02,16.7,25.05,3.34
CUST-0382,2026-02-27 08:00:00,KH-17,9,16,50.25,KHQR_ABA,1,0.1,50.25,75.38,3.14
CUST-0383,2025-07-24 08:00:00,KH-12,5,11,42.05,KHQR_ABA,2,0.06,42.05,63.07,3.82
CUST-0384,2025-03-09 08:00:00,KH-12,0,13,55.15,KHQR_ABA,2,0.0,55.15,82.72,4.24
CUST-0385,2025-10-24 08:00:00,KH-12,23,4,62.05,CASH,3,0.26,62.05,93.07,15.51
CUST-0386,2026-02-10 08:00:00,KH-12,0,9,51.0,KHQR_ABA,3,0.0,51.0,76.5,5.67
CUST-0387,2025-09-24 08:00:00,KH-02,9,12,35.9,KHQR_ABA,2,0.1,35.9,53.85,2.99
CUST-0388,2026-04-20 08:00:00,KH-12,0,11,52.05,KHQR_BAKONG,2,0.0,52.05,78.07,4.73
CUST-0389,2025-08-07 08:00:00,KH-12,7,9,26.7,KHQR_BAKONG,3,0.08,26.7,40.05,2.97
CUST-0390,2025-08-20 08:00:00,KH-18,7,10,33.5,KHQR_ABA,2,0.08,33.5,50.25,3.35
CUST-0391,2026-02-18 08:00:00,KH-12,9,7,45.2,KHQR_ABA,3,0.1,45.2,67.8,6.46
CUST-0392,2025-08-11 08:00:00,KH-12,8,6,36.9,KHQR_BAKONG,3,0.09,36.9,55.35,6.15
CUST-0393,2025-07-16 08:00:00,KH-17,10,9,46.5,CASH,3,0.11,46.5,69.75,5.17
CUST-0394,2025-02-18 08:00:00,KH-18,0,11,36.35,KHQR_BAKONG,2,0.0,36.35,54.53,3.3
CUST-0395,2025-09-11 08:00:00,KH-12,1,12,71.25,KHQR_ABA,2,0.01,71.25,106.88,5.94
CUST-0396,2025-12-05 08:00:00,KH-12,8,14,38.7,CASH,2,0.09,38.7,58.05,2.76
CUST-0397,2025-05-14 08:00:00,KH-12,12,13,58.9,KHQR_ABA,2,0.13,58.9,88.35,4.53
CUST-0398,2025-08-04 08:00:00,KH-12,17,9,34.15,KHQR_ABA,3,0.19,34.15,51.22,3.79
CUST-0399,2026-04-14 08:00:00,KH-12,1,5,20.2,CASH,3,0.01,20.2,30.3,4.04
CUST-0400,2025-07-27 08:00:00,KH-18,1,11,58.5,KHQR_ABA,2,0.01,58.5,87.75,5.32
CUST-0401,2025-08-02 08:00:00,KH-12,3,12,62.0,KHQR_ABA,2,0.03,62.0,93.0,5.17
CUST-0402,2025-02-23 08:00:00,KH-12,5,11,35.4,KHQR_ABA,2,0.06,35.4,53.1,3.22
CUST-0403,2025-05-12 08:00:00,KH-02,6,13,50.35,CASH,2,0.07,50.35,75.53,3.87
CUST-0404,2025-11-30 08:00:00,KH-12,5,9,24.95,KHQR_ABA,3,0.06,24.95,37.42,2.77
CUST-0405,2025-07-25 08:00:00,KH-12,2,9,23.7,KHQR_ABA,3,0.02,23.7,35.55,2.63
CUST-0406,2026-05-28 08:00:00,KH-12,0,10,48.4,CASH,2,0.0,48.4,72.6,4.84
CUST-0407,2025-12-15 08:00:00,KH-02,2,11,32.15,CASH,2,0.02,32.15,48.22,2.92
CUST-0408,2025-12-30 08:00:00,KH-12,14,11,49.4,CASH,2,0.16,49.4,74.1,4.49
CUST-0409,2025-03-05 08:00:00,KH-12,2,13,67.7,KHQR_BAKONG,2,0.02,67.7,101.55,5.21
CUST-0410,2026-05-12 08:00:00,KH-18,3,7,31.8,KHQR_ABA,3,0.03,31.8,47.7,4.54
CUST-0411,2026-01-08 08:00:00,KH-17,0,8,52.25,KHQR_BAKONG,3,0.0,52.25,78.38,6.53
CUST-0412,2026-01-16 08:00:00,KH-17,16,12,59.35,KHQR_BAKONG,2,0.18,59.35,89.03,4.95
CUST-0413,2025-07-03 08:00:00,KH-02,18,8,44.05,KHQR_ABA,3,0.2,44.05,66.07,5.51
CUST-0414,2025-04-02 08:00:00,KH-12,7,11,34.05,CASH,2,0.08,34.05,51.07,3.1
CUST-0415,2025-05-12 08:00:00,KH-18,7,9,42.35,CASH,3,0.08,42.35,63.53,4.71
CUST-0416,2025-12-17 08:00:00,KH-17,14,11,44.55,KHQR_ABA,2,0.16,44.55,66.82,4.05
CUST-0417,2026-04-09 08:00:00,KH-17,3,10,42.2,CASH,2,0.03,42.2,63.3,4.22
CUST-0418,2026-05-18 08:00:00,KH-18,4,20,79.5,KHQR_ABA,1,0.04,79.5,119.25,3.98
CUST-0419,2025-02-20 08:00:00,KH-12,2,12,41.7,CASH,2,0.02,41.7,62.55,3.48
CUST-0420,2025-11-03 08:00:00,KH-12,0,10,52.35,KHQR_ABA,2,0.0,52.35,78.53,5.24
CUST-0421,2025-09-01 08:00:00,KH-02,3,5,16.5,CASH,3,0.03,16.5,24.75,3.3
CUST-0422,2025-07-24 08:00:00,KH-17,13,14,61.7,KHQR_ABA,2,0.14,61.7,92.55,4.41
CUST-0423,2026-03-18 08:00:00,KH-12,0,10,32.45,KHQR_ABA,2,0.0,32.45,48.68,3.25
CUST-0424,2026-02-07 08:00:00,KH-12,1,17,80.95,KHQR_ABA,1,0.01,80.95,121.43,4.76
CUST-0425,2026-01-26 08:00:00,KH-12,15,5,15.35,CASH,3,0.17,15.35,23.02,3.07
CUST-0426,2025-04-11 08:00:00,KH-12,23,13,55.05,KHQR_ABA,2,0.26,55.05,82.57,4.23
CUST-0427,2026-05-08 08:00:00,KH-18,6,10,46.65,KHQR_ABA,2,0.07,46.65,69.97,4.67
CUST-0428,2026-05-19 08:00:00,KH-12,14,10,35.25,CASH,2,0.16,35.25,52.88,3.52
CUST-0429,2026-04-02 08:00:00,KH-12,2,16,55.45,KHQR_BAKONG,1,0.02,55.45,83.18,3.47
CUST-0430,2025-05-11 08:00:00,KH-12,6,12,43.55,KHQR_ABA,2,0.07,43.55,65.32,3.63
CUST-0431,2025-05-12 08:00:00,KH-17,1,9,39.75,KHQR_ABA,3,0.01,39.75,59.62,4.42
CUST-0432,2025-09-11 08:00:00,KH-02,2,13,59.15,CASH,2,0.02,59.15,88.72,4.55
CUST-0433,2026-04-16 08:00:00,KH-12,4,10,41.15,CASH,2,0.04,41.15,61.72,4.12
CUST-0434,2025-06-19 08:00:00,KH-12,1,15,70.1,KHQR_BAKONG,1,0.01,70.1,105.15,4.67
CUST-0435,2025-11-24 08:00:00,KH-12,2,14,41.05,KHQR_BAKONG,2,0.02,41.05,61.57,2.93
CUST-0436,2026-05-15 08:00:00,KH-02,6,14,51.6,KHQR_ABA,2,0.07,51.6,77.4,3.69
CUST-0437,2026-04-17 08:00:00,KH-17,2,13,72.25,CASH,2,0.02,72.25,108.38,5.56
CUST-0438,2026-04-16 08:00:00,KH-17,3,8,35.6,KHQR_BAKONG,3,0.03,35.6,53.4,4.45
CUST-0439,2025-09-29 08:00:00,KH-12,3,12,54.3,KHQR_ABA,2,0.03,54.3,81.45,4.52
CUST-0440,2025-02-28 08:00:00,KH-12,1,9,44.65,KHQR_ABA,3,0.01,44.65,66.97,4.96
CUST-0441,2025-04-14 08:00:00,KH-12,12,10,45.9,CASH,2,0.13,45.9,68.85,4.59
CUST-0442,2026-02-01 08:00:00,KH-12,0,10,48.05,KHQR_ABA,2,0.0,48.05,72.07,4.8
CUST-0443,2026-05-05 08:00:00,KH-02,0,8,40.0,KHQR_ABA,3,0.0,40.0,60.0,5.0
CUST-0444,2026-04-04 08:00:00,KH-17,12,11,32.8,KHQR_ABA,2,0.13,32.8,49.2,2.98
CUST-0445,2025-12-31 08:00:00,KH-02,9,14,46.8,KHQR_ABA,2,0.1,46.8,70.2,3.34
CUST-0446,2025-02-21 08:00:00,KH-12,20,15,56.95,KHQR_ABA,2,0.22,56.95,85.43,3.8
CUST-0447,2025-05-25 08:00:00,KH-08,15,10,32.2,CASH,2,0.17,32.2,48.3,3.22
CUST-0448,2025-10-10 08:00:00,KH-12,5,13,64.5,CASH,2,0.06,64.5,96.75,4.96
CUST-0449,2025-10-17 08:00:00,KH-18,3,19,92.4,KHQR_ABA,1,0.03,92.4,138.6,4.86
CUST-0450,2026-05-15 08:00:00,KH-17,9,14,43.3,KHQR_BAKONG,2,0.1,43.3,64.95,3.09
CUST-0451,2025-10-17 08:00:00,KH-12,1,13,35.3,CASH,2,0.01,35.3,52.95,2.72
CUST-0452,2026-01-12 08:00:00,KH-12,16,7,19.55,KHQR_ABA,3,0.18,19.55,29.33,2.79
CUST-0453,2025-11-29 08:00:00,KH-08,15,9,21.75,KHQR_ABA,3,0.17,21.75,32.62,2.42
CUST-0454,2026-01-09 08:00:00,KH-12,30,5,10.5,CASH,3,0.33,10.5,15.75,2.1
CUST-0455,2026-02-15 08:00:00,KH-02,11,9,46.3,KHQR_ABA,3,0.12,46.3,69.45,5.14
CUST-0456,2025-04-05 08:00:00,KH-02,7,12,44.1,CASH,2,0.08,44.1,66.15,3.68
CUST-0457,2025-05-01 08:00:00,KH-17,1,5,13.25,KHQR_ABA,3,0.01,13.25,19.88,2.65
CUST-0458,2025-05-27 08:00:00,KH-12,3,9,48.75,KHQR_BAKONG,3,0.03,48.75,73.12,5.42
CUST-0459,2025-03-28 08:00:00,KH-17,12,10,42.6,KHQR_ABA,2,0.13,42.6,63.9,4.26
CUST-0460,2025-10-06 08:00:00,KH-17,1,5,25.4,KHQR_BAKONG,3,0.01,25.4,38.1,5.08
CUST-0461,2026-05-28 08:00:00,KH-12,0,15,73.45,KHQR_ABA,1,0.0,73.45,110.18,4.9
CUST-0462,2025-07-22 08:00:00,KH-02,9,10,54.35,CASH,2,0.1,54.35,81.53,5.44
CUST-0463,2025-04-14 08:00:00,KH-17,1,12,57.25,KHQR_BAKONG,2,0.01,57.25,85.88,4.77
CUST-0464,2025-12-16 08:00:00,KH-17,0,11,48.8,KHQR_ABA,2,0.0,48.8,73.2,4.44
CUST-0465,2025-09-03 08:00:00,KH-12,6,12,56.75,KHQR_ABA,2,0.07,56.75,85.12,4.73
CUST-0466,2026-05-15 08:00:00,KH-12,0,11,40.5,KHQR_ABA,2,0.0,40.5,60.75,3.68
CUST-0467,2026-01-29 08:00:00,KH-12,1,8,18.45,CASH,3,0.01,18.45,27.67,2.31
CUST-0468,2026-05-03 08:00:00,KH-02,8,16,104.25,KHQR_ABA,1,0.09,104.25,156.38,6.52
CUST-0469,2025-05-31 08:00:00,KH-12,7,10,39.65,CASH,2,0.08,39.65,59.47,3.96
CUST-0470,2025-10-08 08:00:00,KH-12,23,12,38.95,KHQR_ABA,2,0.26,38.95,58.43,3.25
CUST-0471,2026-01-02 08:00:00,KH-17,15,10,53.05,KHQR_ABA,2,0.17,53.05,79.57,5.3
CUST-0472,2025-03-21 08:00:00,KH-08,8,11,27.6,KHQR_ABA,2,0.09,27.6,41.4,2.51
CUST-0473,2026-03-30 08:00:00,KH-12,2,12,54.0,KHQR_ABA,2,0.02,54.0,81.0,4.5
CUST-0474,2025-08-22 08:00:00,KH-02,7,12,41.65,KHQR_ABA,2,0.08,41.65,62.47,3.47
CUST-0475,2025-06-24 08:00:00,KH-12,12,7,25.6,CASH,3,0.13,25.6,38.4,3.66
CUST-0476,2025-12-15 08:00:00,KH-12,10,11,31.3,CASH,2,0.11,31.3,46.95,2.85
CUST-0477,2026-01-15 08:00:00,KH-12,11,11,38.0,KHQR_ABA,2,0.12,38.0,57.0,3.45
CUST-0478,2025-10-22 08:00:00,KH-12,4,13,73.0,KHQR_ABA,2,0.04,73.0,109.5,5.62
CUST-0479,2025-06-17 08:00:00,KH-12,1,18,60.05,KHQR_BAKONG,1,0.01,60.05,90.07,3.34
CUST-0480,2025-08-03 08:00:00,KH-17,20,7,21.2,CASH,3,0.22,21.2,31.8,3.03
CUST-0481,2025-07-08 08:00:00,KH-18,26,11,33.5,KHQR_ABA,2,0.29,33.5,50.25,3.05
CUST-0482,2026-03-16 08:00:00,KH-12,6,10,39.5,KHQR_ABA,2,0.07,39.5,59.25,3.95
CUST-0483,2025-11-22 08:00:00,KH-02,2,13,52.2,KHQR_ABA,2,0.02,52.2,78.3,4.02
CUST-0484,2025-08-12 08:00:00,KH-12,21,8,41.1,KHQR_BAKONG,3,0.23,41.1,61.65,5.14
CUST-0485,2026-04-12 08:00:00,KH-12,0,13,36.35,KHQR_ABA,2,0.0,36.35,54.53,2.8
CUST-0486,2025-10-20 08:00:00,KH-12,1,10,43.5,CASH,2,0.01,43.5,65.25,4.35
CUST-0487,2025-03-11 08:00:00,KH-17,12,8,30.5,CASH,3,0.13,30.5,45.75,3.81
CUST-0488,2025-05-22 08:00:00,KH-12,17,7,26.15,KHQR_ABA,3,0.19,26.15,39.22,3.74
CUST-0489,2026-02-06 08:00:00,KH-12,7,13,52.5,KHQR_ABA,2,0.08,52.5,78.75,4.04
CUST-0490,2025-09-09 08:00:00,KH-12,15,7,50.7,CASH,3,0.17,50.7,76.05,7.24
CUST-0491,2025-06-26 08:00:00,KH-12,1,12,45.0,KHQR_ABA,2,0.01,45.0,67.5,3.75
CUST-0492,2025-10-19 08:00:00,KH-08,5,6,22.65,KHQR_ABA,3,0.06,22.65,33.97,3.77
CUST-0493,2026-04-20 08:00:00,KH-18,10,9,33.25,CASH,3,0.11,33.25,49.88,3.69
CUST-0494,2025-04-28 08:00:00,KH-12,0,11,80.15,CASH,2,0.0,80.15,120.23,7.29
CUST-0495,2025-02-17 08:00:00,KH-02,13,12,50.45,KHQR_BAKONG,2,0.14,50.45,75.68,4.2
CUST-0496,2026-02-10 08:00:00,KH-12,13,10,42.2,CASH,2,0.14,42.2,63.3,4.22
CUST-0497,2025-09-19 08:00:00,KH-12,13,6,16.25,KHQR_ABA,3,0.14,16.25,24.38,2.71
CUST-0498,2026-04-27 08:00:00,KH-12,2,6,22.7,CASH,3,0.02,22.7,34.05,3.78
CUST-0499,2026-05-27 08:00:00,KH-17,0,9,16.0,KHQR_ABA,3,0.0,16.0,24.0,1.78
CUST-0500,2026-05-26 08:00:00,KH-02,11,8,40.9,CASH,3,0.12,40.9,61.35,5.11
CUST-0501,2026-05-01 08:00:00,KH-12,22,7,17.35,CASH,3,0.24,17.35,26.03,2.48
CUST-0502,2025-11-25 08:00:00,KH-08,1,6,47.75,CASH,3,0.01,47.75,71.62,7.96
CUST-0503,2025-05-30 08:00:00,KH-02,0,13,59.25,CASH,2,0.0,59.25,88.88,4.56
CUST-0504,2025-03-14 08:00:00,KH-17,2,19,72.55,KHQR_BAKONG,1,0.02,72.55,108.82,3.82
CUST-0505,2025-06-08 08:00:00,KH-12,40,4,24.55,CASH,5,0.44,24.55,36.83,6.14
CUST-0506,2026-03-23 08:00:00,KH-12,10,10,34.2,KHQR_BAKONG,2,0.11,34.2,51.3,3.42
CUST-0507,2025-04-01 08:00:00,KH-12,5,12,59.55,KHQR_ABA,2,0.06,59.55,89.32,4.96
CUST-0508,2025-08-17 08:00:00,KH-12,1,13,58.1,KHQR_ABA,2,0.01,58.1,87.15,4.47
CUST-0509,2025-09-16 08:00:00,KH-12,2,10,45.55,CASH,2,0.02,45.55,68.32,4.55
CUST-0510,2025-10-25 08:00:00,KH-12,2,16,56.4,KHQR_ABA,1,0.02,56.4,84.6,3.52
CUST-0511,2025-06-12 08:00:00,KH-17,17,5,15.4,CASH,3,0.19,15.4,23.1,3.08
CUST-0512,2026-06-14 08:00:00,KH-12,2,9,37.8,KHQR_ABA,3,0.02,37.8,56.7,4.2
CUST-0513,2025-05-30 08:00:00,KH-17,9,11,50.45,CASH,2,0.1,50.45,75.68,4.59
CUST-0514,2025-03-19 08:00:00,KH-02,6,10,23.85,KHQR_ABA,2,0.07,23.85,35.78,2.39
CUST-0515,2025-11-28 08:00:00,KH-17,3,11,38.35,CASH,2,0.03,38.35,57.53,3.49
CUST-0516,2026-01-07 08:00:00,KH-02,6,13,43.85,KHQR_ABA,2,0.07,43.85,65.78,3.37
CUST-0517,2025-11-05 08:00:00,KH-02,5,12,62.2,CASH,2,0.06,62.2,93.3,5.18
CUST-0518,2025-09-01 08:00:00,KH-17,4,8,30.2,KHQR_ABA,3,0.04,30.2,45.3,3.77
CUST-0519,2026-02-21 08:00:00,KH-02,6,17,82.45,KHQR_ABA,1,0.07,82.45,123.68,4.85
CUST-0520,2026-04-01 08:00:00,KH-18,2,8,34.9,KHQR_ABA,3,0.02,34.9,52.35,4.36
CUST-0521,2026-01-13 08:00:00,KH-12,24,9,28.4,KHQR_ABA,3,0.27,28.4,42.6,3.16
CUST-0522,2025-08-11 08:00:00,KH-12,13,11,47.6,KHQR_ABA,2,0.14,47.6,71.4,4.33
CUST-0523,2025-11-01 08:00:00,KH-02,1,10,75.8,CASH,2,0.01,75.8,113.7,7.58
CUST-0524,2025-09-13 08:00:00,KH-02,11,13,54.2,KHQR_ABA,2,0.12,54.2,81.3,4.17
CUST-0525,2025-05-27 08:00:00,KH-12,6,7,22.55,KHQR_ABA,3,0.07,22.55,33.83,3.22
CUST-0526,2026-05-11 08:00:00,KH-12,51,6,22.35,KHQR_ABA,5,0.57,22.35,33.53,3.73
CUST-0527,2026-05-13 08:00:00,KH-08,2,8,39.6,KHQR_ABA,3,0.02,39.6,59.4,4.95
CUST-0528,2025-03-16 08:00:00,KH-12,1,10,47.95,KHQR_ABA,2,0.01,47.95,71.93,4.79
CUST-0529,2026-03-29 08:00:00,KH-12,5,14,51.2,KHQR_ABA,2,0.06,51.2,76.8,3.66
CUST-0530,2026-03-08 08:00:00,KH-12,29,7,33.45,CASH,3,0.32,33.45,50.18,4.78
CUST-0531,2025-11-05 08:00:00,KH-12,8,9,24.15,CASH,3,0.09,24.15,36.22,2.68
CUST-0532,2025-10-31 08:00:00,KH-12,7,10,45.55,CASH,2,0.08,45.55,68.32,4.55
CUST-0533,2025-05-04 08:00:00,KH-18,11,6,26.6,KHQR_ABA,3,0.12,26.6,39.9,4.43
CUST-0534,2025-04-29 08:00:00,KH-18,2,10,32.65,KHQR_ABA,2,0.02,32.65,48.97,3.26
CUST-0535,2026-05-29 08:00:00,KH-12,17,8,35.45,KHQR_ABA,3,0.19,35.45,53.18,4.43
CUST-0536,2026-05-22 08:00:00,KH-17,15,15,91.8,KHQR_ABA,2,0.17,91.8,137.7,6.12
CUST-0537,2026-03-21 08:00:00,KH-17,3,12,59.4,CASH,2,0.03,59.4,89.1,4.95
CUST-0538,2025-12-12 08:00:00,KH-17,2,12,40.25,KHQR_ABA,2,0.02,40.25,60.38,3.35
CUST-0539,2025-07-07 08:00:00,KH-02,0,5,30.9,KHQR_ABA,3,0.0,30.9,46.35,6.18
CUST-0540,2025-12-25 08:00:00,KH-08,9,8,35.5,KHQR_ABA,3,0.1,35.5,53.25,4.44
CUST-0541,2026-04-17 08:00:00,KH-12,1,8,31.35,KHQR_BAKONG,3,0.01,31.35,47.03,3.92
CUST-0542,2026-01-20 08:00:00,KH-12,8,10,42.45,KHQR_BAKONG,2,0.09,42.45,63.68,4.25
CUST-0543,2025-09-22 08:00:00,KH-12,2,11,70.8,KHQR_ABA,2,0.02,70.8,106.2,6.44
CUST-0544,2026-04-03 08:00:00,KH-02,22,14,52.95,KHQR_BAKONG,2,0.24,52.95,79.43,3.78
CUST-0545,2026-06-05 08:00:00,KH-12,13,7,34.7,KHQR_BAKONG,3,0.14,34.7,52.05,4.96
CUST-0546,2026-02-18 08:00:00,KH-08,4,6,32.85,KHQR_BAKONG,3,0.04,32.85,49.28,5.48
CUST-0547,2025-11-05 08:00:00,KH-12,8,13,53.75,CASH,2,0.09,53.75,80.62,4.13
CUST-0548,2026-02-16 08:00:00,KH-02,3,8,24.65,KHQR_ABA,3,0.03,24.65,36.97,3.08
CUST-0549,2025-09-18 08:00:00,KH-12,1,12,44.1,KHQR_BAKONG,2,0.01,44.1,66.15,3.68
CUST-0550,2026-02-22 08:00:00,KH-17,6,7,7.35,KHQR_BAKONG,3,0.07,7.35,11.02,1.05
CUST-0551,2025-05-22 08:00:00,KH-12,12,10,34.75,CASH,2,0.13,34.75,52.12,3.48
CUST-0552,2026-04-09 08:00:00,KH-12,1,13,86.5,CASH,2,0.01,86.5,129.75,6.65
CUST-0553,2026-02-01 08:00:00,KH-18,14,16,72.15,KHQR_ABA,1,0.16,72.15,108.23,4.51
CUST-0554,2025-08-05 08:00:00,KH-17,2,15,52.6,KHQR_BAKONG,1,0.02,52.6,78.9,3.51
CUST-0555,2025-12-27 08:00:00,KH-12,5,9,67.0,KHQR_ABA,3,0.06,67.0,100.5,7.44
CUST-0556,2026-01-09 08:00:00,KH-12,12,8,66.15,CASH,3,0.13,66.15,99.23,8.27
CUST-0557,2025-12-11 08:00:00,KH-12,3,10,38.35,KHQR_BAKONG,2,0.03,38.35,57.53,3.83
CUST-0558,2026-02-26 08:00:00,KH-12,11,9,30.35,KHQR_ABA,3,0.12,30.35,45.53,3.37
CUST-0559,2025-03-10 08:00:00,KH-12,2,19,98.6,KHQR_ABA,1,0.02,98.6,147.9,5.19
CUST-0560,2025-09-23 08:00:00,KH-12,7,9,39.35,KHQR_ABA,3,0.08,39.35,59.03,4.37
CUST-0561,2026-01-03 08:00:00,KH-12,8,11,32.5,CASH,2,0.09,32.5,48.75,2.95
CUST-0562,2026-05-05 08:00:00,KH-02,4,12,48.15,KHQR_ABA,2,0.04,48.15,72.22,4.01
CUST-0563,2025-12-10 08:00:00,KH-02,11,9,58.1,CASH,3,0.12,58.1,87.15,6.46
CUST-0564,2026-05-15 08:00:00,KH-17,30,5,11.9,CASH,3,0.33,11.9,17.85,2.38
CUST-0565,2026-03-02 08:00:00,KH-12,2,13,62.75,KHQR_ABA,2,0.02,62.75,94.12,4.83
CUST-0566,2026-03-05 08:00:00,KH-17,27,8,23.4,KHQR_BAKONG,3,0.3,23.4,35.1,2.92
CUST-0567,2025-10-19 08:00:00,KH-12,3,8,32.85,KHQR_ABA,3,0.03,32.85,49.28,4.11
CUST-0568,2025-11-30 08:00:00,KH-12,3,8,24.35,KHQR_ABA,3,0.03,24.35,36.53,3.04
CUST-0569,2025-12-09 08:00:00,KH-12,5,14,68.9,KHQR_ABA,2,0.06,68.9,103.35,4.92
CUST-0570,2026-02-08 08:00:00,KH-12,1,9,35.55,CASH,3,0.01,35.55,53.32,3.95
CUST-0571,2025-05-06 08:00:00,KH-17,7,21,79.8,KHQR_ABA,1,0.08,79.8,119.7,3.8
CUST-0572,2026-01-12 08:00:00,KH-02,3,19,81.65,KHQR_ABA,1,0.03,81.65,122.48,4.3
CUST-0573,2025-06-07 08:00:00,KH-12,8,17,83.7,CASH,1,0.09,83.7,125.55,4.92
CUST-0574,2025-08-29 08:00:00,KH-12,10,10,41.85,KHQR_ABA,2,0.11,41.85,62.78,4.19
CUST-0575,2026-01-04 08:00:00,KH-12,1,14,64.05,KHQR_ABA,2,0.01,64.05,96.07,4.58
CUST-0576,2025-10-09 08:00:00,KH-12,16,6,17.6,KHQR_BAKONG,3,0.18,17.6,26.4,2.93
CUST-0577,2025-05-27 08:00:00,KH-02,7,6,22.85,KHQR_ABA,3,0.08,22.85,34.28,3.81
CUST-0578,2025-10-29 08:00:00,KH-12,5,13,35.4,KHQR_ABA,2,0.06,35.4,53.1,2.72
CUST-0579,2025-06-18 08:00:00,KH-12,10,12,37.95,KHQR_ABA,2,0.11,37.95,56.93,3.16
CUST-0580,2025-02-16 08:00:00,KH-08,2,10,35.1,KHQR_BAKONG,2,0.02,35.1,52.65,3.51
CUST-0581,2026-05-14 08:00:00,KH-12,8,18,52.65,CASH,1,0.09,52.65,78.97,2.92
CUST-0582,2025-04-16 08:00:00,KH-17,3,9,23.3,KHQR_ABA,3,0.03,23.3,34.95,2.59
CUST-0583,2026-06-17 08:00:00,KH-12,16,8,35.25,CASH,3,0.18,35.25,52.88,4.41
CUST-0584,2025-08-09 08:00:00,KH-12,27,12,49.65,KHQR_ABA,2,0.3,49.65,74.47,4.14
CUST-0585,2025-10-15 08:00:00,KH-12,4,12,61.35,KHQR_ABA,2,0.04,61.35,92.03,5.11
CUST-0586,2026-06-15 08:00:00,KH-12,2,13,54.4,KHQR_BAKONG,2,0.02,54.4,81.6,4.18
CUST-0587,2026-01-26 08:00:00,KH-12,11,15,57.5,KHQR_BAKONG,1,0.12,57.5,86.25,3.83
CUST-0588,2025-05-05 08:00:00,KH-17,3,10,52.4,KHQR_BAKONG,2,0.03,52.4,78.6,5.24
CUST-0589,2026-02-18 08:00:00,KH-12,2,13,64.6,CASH,2,0.02,64.6,96.9,4.97
CUST-0590,2025-12-22 08:00:00,KH-12,17,9,29.05,KHQR_BAKONG,3,0.19,29.05,43.58,3.23
CUST-0591,2025-10-29 08:00:00,KH-17,4,14,69.95,KHQR_BAKONG,2,0.04,69.95,104.93,5.0
CUST-0592,2025-07-06 08:00:00,KH-18,3,11,50.9,KHQR_BAKONG,2,0.03,50.9,76.35,4.63
CUST-0593,2026-05-05 08:00:00,KH-12,10,11,54.7,KHQR_ABA,2,0.11,54.7,82.05,4.97
CUST-0594,2026-05-24 08:00:00,KH-02,12,8,47.15,KHQR_BAKONG,3,0.13,47.15,70.72,5.89
CUST-0595,2025-10-09 08:00:00,KH-02,11,11,37.0,CASH,2,0.12,37.0,55.5,3.36
CUST-0596,2026-05-04 08:00:00,KH-02,1,8,20.75,KHQR_ABA,3,0.01,20.75,31.12,2.59
CUST-0597,2025-07-02 08:00:00,KH-18,3,17,68.4,CASH,1,0.03,68.4,102.6,4.02
CUST-0598,2025-07-06 08:00:00,KH-02,9,9,27.35,CASH,3,0.1,27.35,41.03,3.04
CUST-0599,2026-03-22 08:00:00,KH-17,1,8,19.2,CASH,3,0.01,19.2,28.8,2.4
CUST-0600,2025-06-01 08:00:00,KH-02,7,9,36.1,KHQR_ABA,3,0.08,36.1,54.15,4.01
CUST-0601,2025-09-06 08:00:00,KH-12,4,8,44.65,KHQR_BAKONG,3,0.04,44.65,66.97,5.58
CUST-0602,2026-01-03 08:00:00,KH-12,9,13,46.1,CASH,2,0.1,46.1,69.15,3.55
CUST-0603,2025-06-16 08:00:00,KH-12,2,9,37.5,KHQR_ABA,3,0.02,37.5,56.25,4.17
CUST-0604,2026-05-02 08:00:00,KH-12,7,11,48.15,CASH,2,0.08,48.15,72.22,4.38
CUST-0605,2025-05-24 08:00:00,KH-02,1,7,32.2,CASH,3,0.01,32.2,48.3,4.6
CUST-0606,2026-06-06 08:00:00,KH-12,0,10,35.45,KHQR_BAKONG,2,0.0,35.45,53.18,3.55
CUST-0607,2025-12-21 08:00:00,KH-17,6,12,40.3,KHQR_ABA,2,0.07,40.3,60.45,3.36
CUST-0608,2025-08-26 08:00:00,KH-08,8,9,25.85,KHQR_ABA,3,0.09,25.85,38.78,2.87
CUST-0609,2026-01-21 08:00:00,KH-17,8,9,33.9,KHQR_ABA,3,0.09,33.9,50.85,3.77
CUST-0610,2026-04-04 08:00:00,KH-17,1,16,74.15,KHQR_ABA,1,0.01,74.15,111.23,4.63
CUST-0611,2025-12-04 08:00:00,KH-12,21,6,25.85,KHQR_BAKONG,3,0.23,25.85,38.78,4.31
CUST-0612,2025-02-24 08:00:00,KH-12,11,12,38.1,KHQR_ABA,2,0.12,38.1,57.15,3.18
CUST-0613,2026-04-30 08:00:00,KH-17,3,12,51.25,KHQR_BAKONG,2,0.03,51.25,76.88,4.27
CUST-0614,2025-09-09 08:00:00,KH-12,56,2,5.6,CASH,5,0.62,5.6,8.4,2.8
CUST-0615,2026-05-07 08:00:00,KH-12,1,15,70.05,CASH,1,0.01,70.05,105.07,4.67
CUST-0616,2025-05-16 08:00:00,KH-12,28,7,20.2,KHQR_ABA,3,0.31,20.2,30.3,2.89
CUST-0617,2025-12-05 08:00:00,KH-17,5,14,40.85,KHQR_ABA,2,0.06,40.85,61.28,2.92
CUST-0618,2025-09-28 08:00:00,KH-17,3,12,37.95,KHQR_ABA,2,0.03,37.95,56.93,3.16
CUST-0619,2026-02-04 08:00:00,KH-02,23,9,31.65,KHQR_ABA,3,0.26,31.65,47.47,3.52
CUST-0620,2026-03-28 08:00:00,KH-12,2,15,47.9,KHQR_ABA,1,0.02,47.9,71.85,3.19
CUST-0621,2025-05-17 08:00:00,KH-17,14,9,42.9,CASH,3,0.16,42.9,64.35,4.77
CUST-0622,2025-08-05 08:00:00,KH-12,3,11,61.9,CASH,2,0.03,61.9,92.85,5.63
CUST-0623,2026-04-28 08:00:00,KH-17,0,7,27.75,CASH,3,0.0,27.75,41.62,3.96
CUST-0624,2025-04-17 08:00:00,KH-12,6,13,50.75,CASH,2,0.07,50.75,76.12,3.9
CUST-0625,2025-11-13 08:00:00,KH-18,1,15,53.15,KHQR_ABA,1,0.01,53.15,79.72,3.54
CUST-0626,2025-08-17 08:00:00,KH-12,1,17,67.35,KHQR_ABA,1,0.01,67.35,101.02,3.96
CUST-0627,2025-11-30 08:00:00,KH-12,0,13,57.35,KHQR_ABA,2,0.0,57.35,86.03,4.41
CUST-0628,2025-10-13 08:00:00,KH-12,5,12,59.2,KHQR_ABA,2,0.06,59.2,88.8,4.93
CUST-0629,2025-04-29 08:00:00,KH-02,16,7,20.55,CASH,3,0.18,20.55,30.83,2.94
CUST-0630,2025-08-22 08:00:00,KH-12,2,15,53.0,KHQR_ABA,1,0.02,53.0,79.5,3.53
CUST-0631,2026-06-08 08:00:00,KH-17,2,10,41.3,KHQR_BAKONG,2,0.02,41.3,61.95,4.13
CUST-0632,2025-05-09 08:00:00,KH-12,0,12,66.95,KHQR_ABA,2,0.0,66.95,100.43,5.58
CUST-0633,2025-05-10 08:00:00,KH-12,2,18,118.35,KHQR_ABA,1,0.02,118.35,177.52,6.57
CUST-0634,2026-01-17 08:00:00,KH-12,1,9,59.65,CASH,3,0.01,59.65,89.47,6.63
CUST-0635,2025-11-17 08:00:00,KH-12,1,13,50.95,KHQR_ABA,2,0.01,50.95,76.43,3.92
CUST-0636,2025-08-27 08:00:00,KH-12,6,10,53.1,KHQR_BAKONG,2,0.07,53.1,79.65,5.31
CUST-0637,2025-11-19 08:00:00,KH-12,0,6,28.25,CASH,3,0.0,28.25,42.38,4.71
CUST-0638,2025-09-20 08:00:00,KH-12,21,8,24.0,KHQR_ABA,3,0.23,24.0,36.0,3.0
CUST-0639,2026-02-14 08:00:00,KH-02,1,9,55.45,KHQR_ABA,3,0.01,55.45,83.18,6.16
CUST-0640,2025-08-12 08:00:00,KH-12,14,10,40.6,CASH,2,0.16,40.6,60.9,4.06
CUST-0641,2025-11-29 08:00:00,KH-17,8,16,72.7,CASH,1,0.09,72.7,109.05,4.54
CUST-0642,2026-02-09 08:00:00,KH-12,7,11,46.7,KHQR_ABA,2,0.08,46.7,70.05,4.25
CUST-0643,2025-08-28 08:00:00,KH-02,8,10,28.4,CASH,2,0.09,28.4,42.6,2.84
CUST-0644,2025-12-03 08:00:00,KH-12,2,11,55.45,KHQR_ABA,2,0.02,55.45,83.18,5.04
CUST-0645,2026-04-05 08:00:00,KH-02,3,11,37.65,CASH,2,0.03,37.65,56.47,3.42
CUST-0646,2025-11-21 08:00:00,KH-02,16,11,40.1,KHQR_ABA,2,0.18,40.1,60.15,3.65
CUST-0647,2026-01-13 08:00:00,KH-12,8,12,50.4,KHQR_ABA,2,0.09,50.4,75.6,4.2
CUST-0648,2025-12-25 08:00:00,KH-12,0,12,67.1,KHQR_ABA,2,0.0,67.1,100.65,5.59
CUST-0649,2025-11-02 08:00:00,KH-18,2,11,50.8,CASH,2,0.02,50.8,76.2,4.62
CUST-0650,2025-06-23 08:00:00,KH-12,5,11,46.45,KHQR_ABA,2,0.06,46.45,69.68,4.22
CUST-0651,2025-07-10 08:00:00,KH-18,2,12,31.9,CASH,2,0.02,31.9,47.85,2.66
CUST-0652,2025-09-12 08:00:00,KH-12,10,14,62.6,KHQR_ABA,2,0.11,62.6,93.9,4.47
CUST-0653,2026-02-23 08:00:00,KH-12,2,11,34.4,KHQR_ABA,2,0.02,34.4,51.6,3.13
CUST-0654,2025-07-20 08:00:00,KH-08,1,9,21.4,KHQR_ABA,3,0.01,21.4,32.1,2.38
CUST-0655,2025-03-26 08:00:00,KH-08,2,13,51.65,KHQR_BAKONG,2,0.02,51.65,77.47,3.97
CUST-0656,2026-06-19 08:00:00,KH-02,9,10,32.3,KHQR_ABA,2,0.1,32.3,48.45,3.23
CUST-0657,2025-06-26 08:00:00,KH-12,2,14,77.05,CASH,2,0.02,77.05,115.57,5.5
CUST-0658,2025-09-20 08:00:00,KH-17,1,9,47.2,CASH,3,0.01,47.2,70.8,5.24
CUST-0659,2026-04-24 08:00:00,KH-12,3,12,46.45,CASH,2,0.03,46.45,69.68,3.87
CUST-0660,2026-01-12 08:00:00,KH-17,5,13,43.7,CASH,2,0.06,43.7,65.55,3.36
CUST-0661,2026-04-24 08:00:00,KH-17,11,9,38.05,KHQR_ABA,3,0.12,38.05,57.07,4.23
CUST-0662,2025-05-01 08:00:00,KH-12,2,6,19.85,KHQR_ABA,3,0.02,19.85,29.78,3.31
CUST-0663,2026-05-09 08:00:00,KH-12,10,11,39.3,KHQR_BAKONG,2,0.11,39.3,58.95,3.57
CUST-0664,2026-01-16 08:00:00,KH-12,13,15,72.0,KHQR_ABA,1,0.14,72.0,108.0,4.8
CUST-0665,2025-10-03 08:00:00,KH-02,16,8,26.75,CASH,3,0.18,26.75,40.12,3.34
CUST-0666,2025-12-07 08:00:00,KH-17,13,12,41.8,KHQR_BAKONG,2,0.14,41.8,62.7,3.48
CUST-0667,2025-07-01 08:00:00,KH-17,31,8,52.25,KHQR_ABA,4,0.34,52.25,78.38,6.53
CUST-0668,2026-01-25 08:00:00,KH-17,0,10,44.35,KHQR_ABA,2,0.0,44.35,66.53,4.44
CUST-0669,2025-08-08 08:00:00,KH-18,5,16,48.45,KHQR_BAKONG,1,0.06,48.45,72.68,3.03
CUST-0670,2026-03-14 08:00:00,KH-17,8,8,31.2,KHQR_ABA,3,0.09,31.2,46.8,3.9
CUST-0671,2025-11-24 08:00:00,KH-17,0,10,34.45,CASH,2,0.0,34.45,51.68,3.45
CUST-0672,2025-11-06 08:00:00,KH-17,16,7,36.5,KHQR_ABA,3,0.18,36.5,54.75,5.21
CUST-0673,2025-05-10 08:00:00,KH-17,5,12,45.7,KHQR_BAKONG,2,0.06,45.7,68.55,3.81
CUST-0674,2025-09-19 08:00:00,KH-12,6,14,33.15,CASH,2,0.07,33.15,49.72,2.37
CUST-0675,2025-05-22 08:00:00,KH-12,9,10,32.95,KHQR_ABA,2,0.1,32.95,49.43,3.3
CUST-0676,2026-04-24 08:00:00,KH-02,1,14,38.65,KHQR_ABA,2,0.01,38.65,57.97,2.76
CUST-0677,2025-05-30 08:00:00,KH-02,5,14,55.4,KHQR_ABA,2,0.06,55.4,83.1,3.96
CUST-0678,2025-11-16 08:00:00,KH-12,11,9,36.5,CASH,3,0.12,36.5,54.75,4.06
CUST-0679,2026-01-20 08:00:00,KH-17,0,11,47.9,KHQR_ABA,2,0.0,47.9,71.85,4.35
CUST-0680,2025-04-29 08:00:00,KH-02,15,9,38.25,KHQR_ABA,3,0.17,38.25,57.38,4.25
CUST-0681,2026-02-20 08:00:00,KH-12,4,8,40.05,KHQR_ABA,3,0.04,40.05,60.07,5.01
CUST-0682,2025-04-07 08:00:00,KH-12,5,12,52.05,KHQR_BAKONG,2,0.06,52.05,78.07,4.34
CUST-0683,2025-08-10 08:00:00,KH-12,42,4,14.65,CASH,5,0.47,14.65,21.98,3.66
CUST-0684,2025-09-03 08:00:00,KH-12,2,16,45.45,KHQR_ABA,1,0.02,45.45,68.18,2.84
CUST-0685,2026-03-27 08:00:00,KH-17,30,8,41.3,CASH,3,0.33,41.3,61.95,5.16
CUST-0686,2026-02-05 08:00:00,KH-12,3,11,65.95,KHQR_ABA,2,0.03,65.95,98.93,6.0
CUST-0687,2025-05-15 08:00:00,KH-12,12,10,53.2,KHQR_BAKONG,2,0.13,53.2,79.8,5.32
CUST-0688,2026-04-18 08:00:00,KH-12,6,13,45.75,KHQR_ABA,2,0.07,45.75,68.62,3.52
CUST-0689,2026-01-08 08:00:00,KH-17,0,11,35.75,KHQR_ABA,2,0.0,35.75,53.62,3.25
CUST-0690,2025-08-30 08:00:00,KH-12,1,15,55.5,KHQR_ABA,1,0.01,55.5,83.25,3.7
CUST-0691,2025-11-02 08:00:00,KH-02,0,13,43.85,KHQR_BAKONG,2,0.0,43.85,65.78,3.37
CUST-0692,2025-06-03 08:00:00,KH-12,9,11,40.65,KHQR_ABA,2,0.1,40.65,60.97,3.7
CUST-0693,2026-01-05 08:00:00,KH-12,9,14,35.3,KHQR_ABA,2,0.1,35.3,52.95,2.52
CUST-0694,2025-10-30 08:00:00,KH-12,10,7,37.15,KHQR_ABA,3,0.11,37.15,55.72,5.31
CUST-0695,2026-05-20 08:00:00,KH-12,2,14,56.2,CASH,2,0.02,56.2,84.3,4.01
CUST-0696,2026-03-05 08:00:00,KH-02,1,16,59.15,KHQR_ABA,1,0.01,59.15,88.72,3.7
CUST-0697,2025-12-31 08:00:00,KH-17,6,16,108.1,CASH,1,0.07,108.1,162.15,6.76
CUST-0698,2025-10-16 08:00:00,KH-12,19,8,19.05,CASH,3,0.21,19.05,28.58,2.38
CUST-0699,2025-08-05 08:00:00,KH-12,8,12,35.6,CASH,2,0.09,35.6,53.4,2.97
CUST-0700,2025-11-08 08:00:00,KH-18,6,12,44.9,KHQR_BAKONG,2,0.07,44.9,67.35,3.74
CUST-0701,2025-03-13 08:00:00,KH-18,16,5,27.05,KHQR_BAKONG,3,0.18,27.05,40.58,5.41
CUST-0702,2025-03-01 08:00:00,KH-18,2,11,36.45,KHQR_ABA,2,0.02,36.45,54.68,3.31
CUST-0703,2026-05-10 08:00:00,KH-12,7,8,41.7,CASH,3,0.08,41.7,62.55,5.21
CUST-0704,2025-12-01 08:00:00,KH-12,33,2,1.85,CASH,5,0.37,1.85,2.78,0.93
CUST-0705,2026-02-22 08:00:00,KH-12,0,17,49.35,KHQR_BAKONG,1,0.0,49.35,74.03,2.9
CUST-0706,2026-06-21 08:00:00,KH-12,23,13,50.5,KHQR_ABA,2,0.26,50.5,75.75,3.88
CUST-0707,2026-02-26 08:00:00,KH-17,2,16,58.35,KHQR_ABA,1,0.02,58.35,87.53,3.65
CUST-0708,2025-06-30 08:00:00,KH-12,3,15,61.75,KHQR_ABA,1,0.03,61.75,92.62,4.12
CUST-0709,2025-10-20 08:00:00,KH-12,1,7,28.9,CASH,3,0.01,28.9,43.35,4.13
CUST-0710,2025-05-05 08:00:00,KH-17,4,10,46.15,KHQR_ABA,2,0.04,46.15,69.22,4.62
CUST-0711,2026-04-12 08:00:00,KH-12,2,10,50.65,KHQR_ABA,2,0.02,50.65,75.97,5.06
CUST-0712,2026-05-17 08:00:00,KH-12,7,11,53.0,KHQR_ABA,2,0.08,53.0,79.5,4.82
CUST-0713,2026-03-29 08:00:00,KH-12,1,11,33.4,KHQR_ABA,2,0.01,33.4,50.1,3.04
CUST-0714,2025-06-03 08:00:00,KH-12,11,9,49.9,KHQR_ABA,3,0.12,49.9,74.85,5.54
CUST-0715,2025-04-07 08:00:00,KH-17,8,8,26.95,KHQR_ABA,3,0.09,26.95,40.42,3.37
CUST-0716,2026-04-19 08:00:00,KH-17,0,10,37.55,KHQR_BAKONG,2,0.0,37.55,56.32,3.75
CUST-0717,2026-01-11 08:00:00,KH-17,2,11,37.1,KHQR_BAKONG,2,0.02,37.1,55.65,3.37
CUST-0718,2026-02-14 08:00:00,KH-18,4,6,25.25,CASH,3,0.04,25.25,37.88,4.21
CUST-0719,2026-01-27 08:00:00,KH-12,15,9,31.25,KHQR_ABA,3,0.17,31.25,46.88,3.47
CUST-0720,2026-03-08 08:00:00,KH-12,14,9,22.3,KHQR_ABA,3,0.16,22.3,33.45,2.48
CUST-0721,2025-12-03 08:00:00,KH-18,1,14,62.15,KHQR_ABA,2,0.01,62.15,93.22,4.44
CUST-0722,2025-02-18 08:00:00,KH-12,0,14,61.35,KHQR_BAKONG,2,0.0,61.35,92.03,4.38
CUST-0723,2025-10-09 08:00:00,KH-12,6,5,16.9,CASH,3,0.07,16.9,25.35,3.38
CUST-0724,2025-12-19 08:00:00,KH-12,7,10,24.8,CASH,2,0.08,24.8,37.2,2.48
CUST-0725,2025-09-03 08:00:00,KH-12,4,7,18.8,KHQR_ABA,3,0.04,18.8,28.2,2.69
CUST-0726,2025-05-27 08:00:00,KH-12,11,7,13.2,KHQR_ABA,3,0.12,13.2,19.8,1.89
CUST-0727,2026-06-14 08:00:00,KH-12,3,14,67.65,KHQR_ABA,2,0.03,67.65,101.48,4.83
CUST-0728,2025-11-30 08:00:00,KH-02,38,5,8.25,KHQR_ABA,5,0.42,8.25,12.38,1.65
CUST-0729,2025-05-25 08:00:00,KH-12,5,13,55.95,CASH,2,0.06,55.95,83.93,4.3
CUST-0730,2025-07-29 08:00:00,KH-17,9,15,64.85,CASH,1,0.1,64.85,97.27,4.32
CUST-0731,2026-05-10 08:00:00,KH-12,2,9,29.45,KHQR_ABA,3,0.02,29.45,44.17,3.27
CUST-0732,2026-04-03 08:00:00,KH-12,2,14,74.3,CASH,2,0.02,74.3,111.45,5.31
CUST-0733,2025-05-27 08:00:00,KH-12,0,12,31.85,KHQR_ABA,2,0.0,31.85,47.78,2.65
CUST-0734,2025-06-29 08:00:00,KH-12,5,8,24.45,CASH,3,0.06,24.45,36.67,3.06
CUST-0735,2026-05-08 08:00:00,KH-12,8,13,75.6,KHQR_ABA,2,0.09,75.6,113.4,5.82
CUST-0736,2026-05-24 08:00:00,KH-17,19,10,40.4,KHQR_BAKONG,2,0.21,40.4,60.6,4.04
CUST-0737,2026-03-24 08:00:00,KH-08,0,10,32.75,KHQR_BAKONG,2,0.0,32.75,49.12,3.27
CUST-0738,2026-06-16 08:00:00,KH-12,18,12,48.0,CASH,2,0.2,48.0,72.0,4.0
CUST-0739,2025-05-17 08:00:00,KH-17,16,7,43.2,KHQR_ABA,3,0.18,43.2,64.8,6.17
CUST-0740,2025-06-03 08:00:00,KH-12,8,13,93.55,KHQR_ABA,2,0.09,93.55,140.32,7.2
CUST-0741,2026-01-01 08:00:00,KH-18,12,9,46.1,KHQR_ABA,3,0.13,46.1,69.15,5.12
CUST-0742,2025-06-22 08:00:00,KH-12,3,13,45.55,CASH,2,0.03,45.55,68.32,3.5
CUST-0743,2025-10-03 08:00:00,KH-12,1,8,27.65,KHQR_ABA,3,0.01,27.65,41.47,3.46
CUST-0744,2026-03-28 08:00:00,KH-12,18,11,59.25,CASH,2,0.2,59.25,88.88,5.39
CUST-0745,2025-03-21 08:00:00,KH-02,1,11,52.8,KHQR_ABA,2,0.01,52.8,79.2,4.8
CUST-0746,2025-06-07 08:00:00,KH-12,3,19,91.7,KHQR_ABA,1,0.03,91.7,137.55,4.83
CUST-0747,2026-06-15 08:00:00,KH-17,36,11,50.25,CASH,4,0.4,50.25,75.38,4.57
CUST-0748,2025-03-07 08:00:00,KH-12,0,9,65.55,KHQR_ABA,3,0.0,65.55,98.32,7.28
CUST-0749,2025-03-11 08:00:00,KH-17,1,13,56.9,KHQR_ABA,2,0.01,56.9,85.35,4.38
CUST-0750,2026-01-08 08:00:00,KH-17,7,11,46.95,KHQR_ABA,2,0.08,46.95,70.43,4.27
CUST-0751,2025-04-25 08:00:00,KH-02,3,13,42.3,KHQR_ABA,2,0.03,42.3,63.45,3.25
CUST-0752,2025-07-12 08:00:00,KH-12,13,9,44.0,KHQR_ABA,3,0.14,44.0,66.0,4.89
CUST-0753,2026-05-29 08:00:00,KH-08,8,13,60.05,KHQR_ABA,2,0.09,60.05,90.07,4.62
CUST-0754,2025-05-21 08:00:00,KH-17,19,6,26.65,CASH,3,0.21,26.65,39.97,4.44
CUST-0755,2026-06-17 08:00:00,KH-12,29,9,41.5,CASH,3,0.32,41.5,62.25,4.61
CUST-0756,2026-01-17 08:00:00,KH-12,6,14,52.95,KHQR_ABA,2,0.07,52.95,79.43,3.78
CUST-0757,2025-08-23 08:00:00,KH-12,6,13,44.05,KHQR_BAKONG,2,0.07,44.05,66.07,3.39
CUST-0758,2025-05-10 08:00:00,KH-02,4,13,25.2,KHQR_ABA,2,0.04,25.2,37.8,1.94
CUST-0759,2026-02-22 08:00:00,KH-12,10,12,58.85,KHQR_ABA,2,0.11,58.85,88.28,4.9
CUST-0760,2025-03-29 08:00:00,KH-12,3,7,20.15,CASH,3,0.03,20.15,30.22,2.88
CUST-0761,2025-12-11 08:00:00,KH-18,12,11,22.45,CASH,2,0.13,22.45,33.67,2.04
CUST-0762,2025-09-23 08:00:00,KH-02,14,11,19.15,KHQR_ABA,2,0.16,19.15,28.72,1.74
CUST-0763,2025-06-22 08:00:00,KH-17,22,10,45.55,KHQR_ABA,2,0.24,45.55,68.32,4.55
CUST-0764,2025-09-28 08:00:00,KH-02,18,7,24.15,KHQR_ABA,3,0.2,24.15,36.22,3.45
CUST-0765,2026-05-09 08:00:00,KH-02,8,16,92.2,KHQR_ABA,1,0.09,92.2,138.3,5.76
CUST-0766,2025-04-28 08:00:00,KH-17,2,6,28.75,KHQR_ABA,3,0.02,28.75,43.12,4.79
CUST-0767,2025-11-11 08:00:00,KH-12,1,11,40.2,KHQR_BAKONG,2,0.01,40.2,60.3,3.65
CUST-0768,2025-04-12 08:00:00,KH-12,22,6,32.05,KHQR_ABA,3,0.24,32.05,48.07,5.34
CUST-0769,2026-01-05 08:00:00,KH-18,2,6,13.25,KHQR_BAKONG,3,0.02,13.25,19.88,2.21
CUST-0770,2025-02-23 08:00:00,KH-12,12,14,49.2,KHQR_ABA,2,0.13,49.2,73.8,3.51
CUST-0771,2026-04-28 08:00:00,KH-12,11,19,71.8,KHQR_ABA,1,0.12,71.8,107.7,3.78
CUST-0772,2026-04-21 08:00:00,KH-12,1,10,30.25,KHQR_ABA,2,0.01,30.25,45.38,3.02
CUST-0773,2025-10-27 08:00:00,KH-12,15,7,29.55,CASH,3,0.17,29.55,44.33,4.22
CUST-0774,2025-07-05 08:00:00,KH-02,3,10,49.05,KHQR_ABA,2,0.03,49.05,73.57,4.9
CUST-0775,2026-03-03 08:00:00,KH-18,1,16,75.2,KHQR_ABA,1,0.01,75.2,112.8,4.7
CUST-0776,2025-12-21 08:00:00,KH-02,6,11,53.3,KHQR_ABA,2,0.07,53.3,79.95,4.85
CUST-0777,2026-02-08 08:00:00,KH-02,20,8,35.85,KHQR_ABA,3,0.22,35.85,53.78,4.48
CUST-0778,2025-09-10 08:00:00,KH-02,7,14,63.85,CASH,2,0.08,63.85,95.78,4.56
CUST-0779,2026-04-30 08:00:00,KH-12,18,11,46.0,KHQR_ABA,2,0.2,46.0,69.0,4.18
CUST-0780,2025-05-18 08:00:00,KH-12,2,17,95.15,KHQR_ABA,1,0.02,95.15,142.73,5.6
CUST-0781,2025-12-13 08:00:00,KH-17,1,14,38.6,KHQR_ABA,2,0.01,38.6,57.9,2.76
CUST-0782,2025-08-25 08:00:00,KH-08,4,12,53.7,CASH,2,0.04,53.7,80.55,4.48
CUST-0783,2025-03-16 08:00:00,KH-02,6,14,80.85,KHQR_ABA,2,0.07,80.85,121.27,5.77
CUST-0784,2025-04-23 08:00:00,KH-02,8,14,44.05,KHQR_ABA,2,0.09,44.05,66.07,3.15
CUST-0785,2026-03-27 08:00:00,KH-12,16,10,52.1,KHQR_ABA,2,0.18,52.1,78.15,5.21
CUST-0786,2026-06-06 08:00:00,KH-02,4,12,48.45,KHQR_ABA,2,0.04,48.45,72.68,4.04
CUST-0787,2026-03-04 08:00:00,KH-12,9,7,17.9,KHQR_ABA,3,0.1,17.9,26.85,2.56
CUST-0788,2026-06-04 08:00:00,KH-12,3,13,49.95,KHQR_ABA,2,0.03,49.95,74.93,3.84
CUST-0789,2026-01-21 08:00:00,KH-12,1,11,51.0,CASH,2,0.01,51.0,76.5,4.64
CUST-0790,2026-05-08 08:00:00,KH-12,6,8,49.85,KHQR_BAKONG,3,0.07,49.85,74.78,6.23
CUST-0791,2025-07-27 08:00:00,KH-12,9,8,32.5,CASH,3,0.1,32.5,48.75,4.06
CUST-0792,2025-05-11 08:00:00,KH-12,5,13,57.15,KHQR_ABA,2,0.06,57.15,85.72,4.4
CUST-0793,2025-09-16 08:00:00,KH-12,2,11,70.35,KHQR_ABA,2,0.02,70.35,105.52,6.4
CUST-0794,2025-12-05 08:00:00,KH-12,4,12,39.65,KHQR_ABA,2,0.04,39.65,59.47,3.3
CUST-0795,2026-03-01 08:00:00,KH-12,2,7,32.3,KHQR_BAKONG,3,0.02,32.3,48.45,4.61
CUST-0796,2025-09-23 08:00:00,KH-17,2,6,31.85,KHQR_ABA,3,0.02,31.85,47.78,5.31
CUST-0797,2026-02-15 08:00:00,KH-12,4,6,59.45,KHQR_ABA,3,0.04,59.45,89.18,9.91
CUST-0798,2025-05-12 08:00:00,KH-12,2,14,73.05,KHQR_ABA,2,0.02,73.05,109.57,5.22
CUST-0799,2025-05-09 08:00:00,KH-08,1,11,37.65,KHQR_BAKONG,2,0.01,37.65,56.47,3.42
CUST-0800,2025-08-22 08:00:00,KH-17,2,12,50.0,KHQR_ABA,2,0.02,50.0,75.0,4.17
CUST-0801,2026-06-07 08:00:00,KH-12,7,10,61.55,KHQR_ABA,2,0.08,61.55,92.32,6.15
CUST-0802,2026-04-10 08:00:00,KH-12,9,11,35.1,CASH,2,0.1,35.1,52.65,3.19
CUST-0803,2026-03-24 08:00:00,KH-12,15,10,36.95,KHQR_ABA,2,0.17,36.95,55.43,3.7
CUST-0804,2025-08-17 08:00:00,KH-12,11,7,33.35,KHQR_ABA,3,0.12,33.35,50.03,4.76
CUST-0805,2026-01-03 08:00:00,KH-08,19,12,34.7,KHQR_ABA,2,0.21,34.7,52.05,2.89
CUST-0806,2026-03-23 08:00:00,KH-17,10,16,113.05,KHQR_ABA,1,0.11,113.05,169.57,7.07
CUST-0807,2025-06-26 08:00:00,KH-17,17,12,51.3,CASH,2,0.19,51.3,76.95,4.27
CUST-0808,2026-05-15 08:00:00,KH-12,1,15,46.35,KHQR_BAKONG,1,0.01,46.35,69.53,3.09
CUST-0809,2026-05-01 08:00:00,KH-18,4,16,67.75,CASH,1,0.04,67.75,101.62,4.23
CUST-0810,2025-06-12 08:00:00,KH-12,0,12,25.7,KHQR_ABA,2,0.0,25.7,38.55,2.14
CUST-0811,2026-03-24 08:00:00,KH-12,4,12,50.35,KHQR_ABA,2,0.04,50.35,75.53,4.2
CUST-0812,2025-12-21 08:00:00,KH-02,1,12,36.8,KHQR_ABA,2,0.01,36.8,55.2,3.07
CUST-0813,2025-12-10 08:00:00,KH-12,7,13,51.7,KHQR_ABA,2,0.08,51.7,77.55,3.98
CUST-0814,2026-03-23 08:00:00,KH-12,1,11,60.6,KHQR_ABA,2,0.01,60.6,90.9,5.51
CUST-0815,2025-04-12 08:00:00,KH-12,20,7,21.95,CASH,3,0.22,21.95,32.92,3.14
CUST-0816,2025-03-07 08:00:00,KH-12,2,11,53.8,CASH,2,0.02,53.8,80.7,4.89
CUST-0817,2025-02-27 08:00:00,KH-12,4,7,41.5,KHQR_ABA,3,0.04,41.5,62.25,5.93
CUST-0818,2026-02-20 08:00:00,KH-12,18,12,47.8,KHQR_ABA,2,0.2,47.8,71.7,3.98
CUST-0819,2025-04-27 08:00:00,KH-02,13,10,35.15,KHQR_ABA,2,0.14,35.15,52.72,3.51
CUST-0820,2025-11-05 08:00:00,KH-12,48,7,21.95,KHQR_ABA,5,0.53,21.95,32.92,3.14
CUST-0821,2026-05-18 08:00:00,KH-12,0,9,36.65,KHQR_BAKONG,3,0.0,36.65,54.97,4.07
CUST-0822,2026-05-28 08:00:00,KH-02,3,14,59.15,KHQR_ABA,2,0.03,59.15,88.72,4.22
CUST-0823,2025-03-26 08:00:00,KH-12,9,9,34.65,KHQR_ABA,3,0.1,34.65,51.97,3.85
CUST-0824,2025-12-11 08:00:00,KH-12,1,9,41.55,CASH,3,0.01,41.55,62.32,4.62
CUST-0825,2025-07-05 08:00:00,KH-12,7,9,64.4,CASH,3,0.08,64.4,96.6,7.16
CUST-0826,2025-04-14 08:00:00,KH-12,12,9,48.75,KHQR_ABA,3,0.13,48.75,73.12,5.42
CUST-0827,2025-02-19 08:00:00,KH-02,3,15,57.85,KHQR_ABA,1,0.03,57.85,86.78,3.86
CUST-0828,2026-03-31 08:00:00,KH-08,12,8,36.9,CASH,3,0.13,36.9,55.35,4.61
CUST-0829,2025-08-21 08:00:00,KH-12,20,9,33.35,KHQR_ABA,3,0.22,33.35,50.03,3.71
CUST-0830,2025-02-24 08:00:00,KH-12,2,12,32.65,KHQR_ABA,2,0.02,32.65,48.97,2.72
CUST-0831,2026-05-25 08:00:00,KH-02,33,3,10.95,CASH,5,0.37,10.95,16.42,3.65
CUST-0832,2025-06-30 08:00:00,KH-18,7,10,34.0,KHQR_ABA,2,0.08,34.0,51.0,3.4
CUST-0833,2025-07-18 08:00:00,KH-17,0,10,69.75,KHQR_BAKONG,2,0.0,69.75,104.62,6.97
CUST-0834,2025-12-02 08:00:00,KH-18,26,8,34.55,KHQR_ABA,3,0.29,34.55,51.82,4.32
CUST-0835,2025-12-19 08:00:00,KH-17,7,12,46.15,KHQR_ABA,2,0.08,46.15,69.22,3.85
CUST-0836,2025-07-18 08:00:00,KH-12,9,10,37.25,CASH,2,0.1,37.25,55.88,3.73
CUST-0837,2026-06-08 08:00:00,KH-02,8,7,28.25,KHQR_ABA,3,0.09,28.25,42.38,4.04
CUST-0838,2025-10-22 08:00:00,KH-17,9,8,38.65,CASH,3,0.1,38.65,57.97,4.83
CUST-0839,2025-03-20 08:00:00,KH-12,1,13,60.0,KHQR_ABA,2,0.01,60.0,90.0,4.62
CUST-0840,2025-12-05 08:00:00,KH-12,0,10,27.2,KHQR_BAKONG,2,0.0,27.2,40.8,2.72
CUST-0841,2025-11-05 08:00:00,KH-12,2,8,28.15,CASH,3,0.02,28.15,42.22,3.52
CUST-0842,2026-02-26 08:00:00,KH-02,1,13,36.55,KHQR_ABA,2,0.01,36.55,54.82,2.81
CUST-0843,2025-06-30 08:00:00,KH-12,0,9,49.85,KHQR_ABA,3,0.0,49.85,74.78,5.54
CUST-0844,2025-05-04 08:00:00,KH-02,0,16,63.3,KHQR_BAKONG,1,0.0,63.3,94.95,3.96
CUST-0845,2026-05-21 08:00:00,KH-12,6,10,39.4,CASH,2,0.07,39.4,59.1,3.94
CUST-0846,2025-04-04 08:00:00,KH-12,8,15,61.7,KHQR_ABA,1,0.09,61.7,92.55,4.11
CUST-0847,2026-05-12 08:00:00,KH-02,1,10,60.65,KHQR_ABA,2,0.01,60.65,90.97,6.06
CUST-0848,2025-03-17 08:00:00,KH-12,5,11,46.9,KHQR_ABA,2,0.06,46.9,70.35,4.26
CUST-0849,2026-04-21 08:00:00,KH-08,3,14,45.6,KHQR_ABA,2,0.03,45.6,68.4,3.26
CUST-0850,2026-03-15 08:00:00,KH-02,1,12,62.2,KHQR_ABA,2,0.01,62.2,93.3,5.18
