rate_date,nbc_usd_khr_rate,bank_buy_rate,bank_sell_rate
2026-07-01,4086.99,4081.99,4093.99
2026-07-02,4086.66,4081.66,4093.66
2026-07-03,4089.09,4084.09,4096.09
2026-07-04,4094.47,4089.47,4101.47
2026-07-05,4093.42,4088.42,4100.42
2026-07-06,4092.43,4087.43,4099.43
2026-07-07,4097.84,4092.84,4104.84
2026-07-08,4100.13,4095.13,4107.13
2026-07-09,4097.98,4092.98,4104.98
2026-07-10,4099.48,4094.48,4106.48
2026-07-11,4097.39,4092.39,4104.39
2026-07-12,4095.39,4090.39,4102.39
2026-07-13,4095.96,4090.96,4102.96
2026-07-14,4088.97,4083.97,4095.97
2026-07-15,4082.98,4077.98,4089.98
2026-07-16,4081.37,4076.37,4088.37
2026-07-17,4078.25,4073.25,4085.25
2026-07-18,4079.94,4074.94,4086.94
2026-07-19,4077.27,4072.27,4084.27
2026-07-20,4072.96,4067.96,4079.96
2026-07-21,4078.94,4073.94,4085.94
2026-07-22,4078.7,4073.7,4085.7
2026-07-23,4079.5,4074.5,4086.5
2026-07-24,4075.04,4070.04,4082.04
2026-07-25,4073.89,4068.89,4080.89
2026-07-26,4075.08,4070.08,4082.08
2026-07-27,4071.8,4066.8,4078.8
2026-07-28,4074.02,4069.02,4081.02
2026-07-29,4072.72,4067.72,4079.72
2026-07-30,4072.56,4067.56,4079.56
2026-07-31,4071.33,4066.33,4078.33
2026-08-01,4078.74,4073.74,4085.74
2026-08-02,4079.26,4074.26,4086.26
2026-08-03,4076.09,4071.09,4083.09
2026-08-04,4079.67,4074.67,4086.67
2026-08-05,4075.91,4070.91,4082.91
2026-08-06,4077.35,4072.35,4084.35
2026-08-07,4071.12,4066.12,4078.12
2026-08-08,4067.42,4062.42,4074.42
2026-08-09,4069.24,4064.24,4076.24
2026-08-10,4072.86,4067.86,4079.86
2026-08-11,4074.31,4069.31,4081.31
2026-08-12,4074.69,4069.69,4081.69
2026-08-13,4074.41,4069.41,4081.41
2026-08-14,4070.01,4065.01,4077.01
2026-08-15,4068.49,4063.49,4075.49
2026-08-16,4067.95,4062.95,4074.95
2026-08-17,4072.76,4067.76,4079.76
2026-08-18,4074.82,4069.82,4081.82
2026-08-19,4069.41,4064.41,4076.41
2026-08-20,4071.57,4066.57,4078.57
2026-08-21,4071.15,4066.15,4078.15
2026-08-22,4069.72,4064.72,4076.72
2026-08-23,4072.88,4067.88,4079.88
2026-08-24,4077.34,4072.34,4084.34
2026-08-25,4081.23,4076.23,4088.23
2026-08-26,4078.73,4073.73,4085.73
2026-08-27,4078.21,4073.21,4085.21
2026-08-28,4079.96,4074.96,4086.96
2026-08-29,4083.88,4078.88,4090.88
2026-08-30,4082.51,4077.51,4089.51
2026-08-31,4082.23,4077.23,4089.23
2026-09-01,4078.75,4073.75,4085.75
2026-09-02,4075.13,4070.13,4082.13
2026-09-03,4078.71,4073.71,4085.71
2026-09-04,4084.02,4079.02,4091.02
2026-09-05,4084.07,4079.07,4091.07
2026-09-06,4087.88,4082.88,4094.88
2026-09-07,4089.25,4084.25,4096.25
2026-09-08,4087.03,4082.03,4094.03
2026-09-09,4088.44,4083.44,4095.44
2026-09-10,4093.91,4088.91,4100.91
2026-09-11,4093.58,4088.58,4100.58
2026-09-12,4098.88,4093.88,4105.88
2026-09-13,4089.27,4084.27,4096.27
2026-09-14,4092.18,4087.18,4099.18
2026-09-15,4092.38,4087.38,4099.38
2026-09-16,4091.21,4086.21,4098.21
2026-09-17,4091.47,4086.47,4098.47
2026-09-18,4084.44,4079.44,4091.44
2026-09-19,4083.95,4078.95,4090.95
2026-09-20,4085.5,4080.5,4092.5
2026-09-21,4090.9,4085.9,4097.9
2026-09-22,4089.04,4084.04,4096.04
2026-09-23,4086.26,4081.26,4093.26
2026-09-24,4084.69,4079.69,4091.69
2026-09-25,4088.16,4083.16,4095.16
2026-09-26,4089.4,4084.4,4096.4
2026-09-27,4087.58,4082.58,4094.58
2026-09-28,4089.5,4084.5,4096.5
