customer_id,customer_name,phone_number,loyalty_tier,primary_city,account_created_date
CUST-ANON-0000,Walk-in Guest,N/A,None,Phnom Penh,2026-01-01
CUST-0001,Chou Veasna,+855 012 859 381,Gold,Phnom Penh,2026-02-16
CUST-0002,Keo Dara,+855 088 204 792,Silver,Sihanoukville,2025-06-07
CUST-0003,Yin Chantha,+855 098 532 132,Regular,Phnom Penh,2026-06-06
CUST-0004,Ouk Kalyan,+855 089 617 716,Regular,Phnom Penh,2026-06-08
CUST-0005,Yin Kalyan,+855 088 765 818,Silver,Battambang,2025-09-15
CUST-0006,Ung Rithy,+855 086 703 384,Regular,Phnom Penh,2025-05-03
CUST-0007,Meas Piseth,+855 088 532 448,Regular,Phnom Penh,2026-01-30
CUST-0008,Chea Kalyan,+855 070 204 194,Regular,Phnom Penh,2025-12-09
CUST-0009,Seng Theary,+855 070 718 370,Gold,Phnom Penh,2025-05-04
CUST-0010,Kim Visal,+855 086 649 227,Regular,Siem Reap,2025-03-06
CUST-0011,Tep Chantha,+855 093 400 949,Regular,Kandal,2025-08-04
CUST-0012,Chhum Theary,+855 098 296 821,Gold,Phnom Penh,2026-05-17
CUST-0013,Kim Chenda,+855 089 891 396,Regular,Phnom Penh,2026-05-12
CUST-0014,Keo Veasna,+855 081 384 564,Regular,Phnom Penh,2025-07-31
CUST-0015,Khun Piseth,+855 070 463 314,Regular,Phnom Penh,2025-07-13
CUST-0016,Ros Rathana,+855 097 763 173,Regular,Phnom Penh,2025-08-14
CUST-0017,Chou Piseth,+855 093 846 350,Gold,Phnom Penh,2026-03-30
CUST-0018,Mao Kosal,+855 092 755 804,Regular,Phnom Penh,2025-09-09
CUST-0019,Keo Chenda,+855 070 963 886,Platinum,Phnom Penh,2025-05-20
CUST-0020,Kim Rithy,+855 012 924 423,Regular,Battambang,2025-11-28
CUST-0021,Ros Chantha,+855 089 680 997,Regular,Siem Reap,2025-06-19
CUST-0022,Sok Kalyan,+855 097 611 505,Regular,Siem Reap,2025-03-26
CUST-0023,Chou Sovann,+855 077 371 242,Regular,Phnom Penh,2026-02-15
CUST-0024,Vong Socheat,+855 093 369 864,Regular,Battambang,2025-08-26
CUST-0025,Ung Chhay,+855 081 470 324,Regular,Phnom Penh,2026-04-12
CUST-0026,Sin Phalla,+855 017 873 148,Regular,Siem Reap,2025-04-07
CUST-0027,Seng Dara,+855 097 263 911,Regular,Phnom Penh,2025-07-08
CUST-0028,Ung Makara,+855 017 494 490,Regular,Phnom Penh,2025-08-20
CUST-0029,Mao Boramey,+855 092 666 981,Regular,Phnom Penh,2025-02-24
CUST-0030,Meas Chenda,+855 088 217 798,Regular,Phnom Penh,2025-03-25
CUST-0031,Yin Sophal,+855 097 448 214,Gold,Phnom Penh,2026-01-22
CUST-0032,Ung Piseth,+855 086 103 839,Regular,Phnom Penh,2025-03-30
CUST-0033,Vong Sophal,+855 093 880 282,Gold,Battambang,2025-10-05
CUST-0034,Seng Samnang,+855 092 961 754,Regular,Siem Reap,2025-10-05
CUST-0035,Chhum Kalyan,+855 077 482 880,Silver,Siem Reap,2026-03-31
CUST-0036,Yin Boramey,+855 012 713 431,Regular,Phnom Penh,2025-10-14
CUST-0037,Meas Veasna,+855 070 999 951,Regular,Sihanoukville,2025-05-04
CUST-0038,Noun Rithy,+855 012 346 999,Gold,Siem Reap,2025-09-04
CUST-0039,Ouk Chantha,+855 088 597 935,Regular,Phnom Penh,2026-05-17
CUST-0040,Yin Dara,+855 077 775 586,Silver,Sihanoukville,2025-02-22
CUST-0041,Yin Piseth,+855 092 640 993,Gold,Battambang,2025-08-15
CUST-0042,Ung Kalyan,+855 093 873 847,Regular,Phnom Penh,2025-07-03
CUST-0043,Pich Rathana,+855 092 508 787,Regular,Sihanoukville,2025-07-24
CUST-0044,Khun Sovann,+855 093 562 223,Regular,Phnom Penh,2026-02-15
CUST-0045,Keo Chantha,+855 070 121 702,Regular,Siem Reap,2025-09-11
CUST-0046,Keo Chhay,+855 089 107 172,Regular,Phnom Penh,2025-06-24
CUST-0047,Chou Bopha,+855 089 169 132,Regular,Siem Reap,2025-04-07
CUST-0048,Sok Chantha,+855 093 343 385,Regular,Phnom Penh,2025-07-14
CUST-0049,Prom Kalyan,+855 093 235 840,Silver,Phnom Penh,2025-02-28
CUST-0050,Nhem Chhay,+855 086 348 903,Regular,Battambang,2025-10-22
CUST-0051,Ung Kalyan,+855 017 199 774,Regular,Battambang,2025-11-13
CUST-0052,Khun Vannak,+855 081 578 984,Regular,Siem Reap,2025-06-13
CUST-0053,Kim Chenda,+855 097 761 200,Regular,Phnom Penh,2026-05-21
CUST-0054,Tep Visal,+855 070 919 982,Regular,Phnom Penh,2026-04-27
CUST-0055,Keo Kalyan,+855 089 649 559,Platinum,Phnom Penh,2026-04-11
CUST-0056,Ung Piseth,+855 092 573 355,Gold,Siem Reap,2025-03-31
CUST-0057,Ouk Sovann,+855 093 200 151,Silver,Phnom Penh,2025-07-23
CUST-0058,Yin Sokha,+855 017 871 969,Regular,Phnom Penh,2026-02-20
CUST-0059,Heng Vannak,+855 086 592 318,Regular,Siem Reap,2025-04-05
CUST-0060,Tep Bopha,+855 077 488 102,Regular,Phnom Penh,2025-12-04
CUST-0061,Ros Sovann,+855 092 533 813,Regular,Phnom Penh,2025-02-16
CUST-0062,Vong Socheat,+855 097 835 598,Gold,Kandal,2026-04-03
CUST-0063,Pich Mony,+855 089 159 693,Gold,Phnom Penh,2025-06-10
CUST-0064,Yin Bopha,+855 088 421 158,Regular,Sihanoukville,2026-05-27
CUST-0065,Nhem Phalla,+855 093 973 643,Regular,Kandal,2026-04-02
CUST-0066,Kim Boramey,+855 017 971 290,Gold,Battambang,2026-05-17
CUST-0067,Chhum Chantha,+855 097 982 340,Regular,Phnom Penh,2025-11-27
CUST-0068,Seng Chhay,+855 089 692 708,Silver,Phnom Penh,2026-06-01
CUST-0069,Chhum Chantha,+855 081 773 697,Regular,Siem Reap,2025-09-05
CUST-0070,Sin Sreymom,+855 092 309 785,Gold,Siem Reap,2025-06-20
CUST-0071,Sok Rithy,+855 092 505 234,Regular,Phnom Penh,2025-07-13
CUST-0072,Chou Mony,+855 086 423 869,Regular,Kandal,2025-02-27
CUST-0073,Ouk Sokha,+855 086 736 676,Regular,Phnom Penh,2026-05-01
CUST-0074,Ouk Socheat,+855 089 618 371,Silver,Battambang,2026-04-15
CUST-0075,Khun Chantha,+855 089 478 391,Regular,Siem Reap,2026-04-02
CUST-0076,Mao Socheat,+855 088 409 726,Regular,Phnom Penh,2025-05-04
CUST-0077,Chou Boramey,+855 012 783 936,Silver,Battambang,2025-09-11
CUST-0078,Noun Chenda,+855 017 999 237,Silver,Sihanoukville,2026-02-06
CUST-0079,Seng Veasna,+855 088 666 259,Regular,Phnom Penh,2026-02-02
CUST-0080,Noun Makara,+855 089 834 451,Silver,Siem Reap,2026-03-09
CUST-0081,Chhorn Samnang,+855 092 617 600,Silver,Battambang,2026-02-13
CUST-0082,Kim Chantha,+855 097 533 949,Gold,Phnom Penh,2026-01-31
CUST-0083,Kim Sokha,+855 070 889 233,Regular,Phnom Penh,2025-07-30
CUST-0084,Ros Piseth,+855 088 552 664,Regular,Phnom Penh,2025-06-25
CUST-0085,Ung Socheat,+855 012 214 177,Regular,Phnom Penh,2025-02-23
CUST-0086,Lim Dara,+855 093 136 954,Regular,Siem Reap,2025-12-14
CUST-0087,Nhem Socheat,+855 077 540 230,Regular,Phnom Penh,2026-05-31
CUST-0088,Noun Theary,+855 012 466 315,Silver,Phnom Penh,2025-07-07
CUST-0089,Keo Chenda,+855 017 462 898,Regular,Phnom Penh,2025-09-08
CUST-0090,Ung Makara,+855 088 258 342,Silver,Phnom Penh,2025-04-05
CUST-0091,Heng Piseth,+855 081 125 283,Regular,Phnom Penh,2025-06-09
CUST-0092,Sok Vannak,+855 097 984 852,Regular,Phnom Penh,2025-05-02
CUST-0093,Keo Sophal,+855 077 906 818,Regular,Siem Reap,2026-04-27
CUST-0094,Tep Bopha,+855 086 327 304,Silver,Kandal,2025-04-29
CUST-0095,Mao Theary,+855 092 940 914,Regular,Phnom Penh,2025-04-01
CUST-0096,Keo Rithy,+855 012 775 297,Silver,Phnom Penh,2025-11-29
CUST-0097,Sok Sophal,+855 017 891 385,Regular,Phnom Penh,2025-12-24
CUST-0098,Chou Boramey,+855 081 795 963,Regular,Kandal,2025-09-20
CUST-0099,Sok Sokha,+855 017 998 367,Silver,Siem Reap,2026-03-22
CUST-0100,Nhem Sophal,+855 012 211 710,Regular,Phnom Penh,2025-11-11
CUST-0101,Khun Visal,+855 070 546 720,Regular,Phnom Penh,2025-10-03
CUST-0102,Seng Kosal,+855 098 294 360,Regular,Siem Reap,2026-05-30
CUST-0103,Lim Vannak,+855 012 632 925,Regular,Phnom Penh,2025-09-19
CUST-0104,Chhorn Visal,+855 088 854 786,Gold,Battambang,2026-03-13
CUST-0105,Khun Vannak,+855 017 780 438,Regular,Siem Reap,2025-08-06
CUST-0106,Sok Chenda,+855 017 837 407,Regular,Phnom Penh,2025-10-05
CUST-0107,Noun Chenda,+855 081 434 512,Regular,Battambang,2025-06-30
CUST-0108,Noun Socheat,+855 077 296 530,Regular,Phnom Penh,2025-07-16
CUST-0109,Tep Chenda,+855 088 278 730,Regular,Phnom Penh,2025-09-03
CUST-0110,Noun Kosal,+855 093 953 100,Silver,Siem Reap,2026-01-17
CUST-0111,Noun Kalyan,+855 081 904 693,Regular,Phnom Penh,2025-08-15
CUST-0112,Chou Sreymom,+855 086 552 552,Regular,Phnom Penh,2025-07-11
CUST-0113,Pich Boramey,+855 086 912 915,Regular,Phnom Penh,2025-06-10
CUST-0114,Heng Chenda,+855 017 390 627,Regular,Siem Reap,2025-07-17
CUST-0115,Chou Makara,+855 070 195 938,Regular,Phnom Penh,2025-02-19
CUST-0116,Keo Chenda,+855 092 330 925,Regular,Siem Reap,2026-03-12
CUST-0117,Chea Sokha,+855 012 350 586,Regular,Battambang,2025-08-13
CUST-0118,Ouk Sovann,+855 081 744 689,Regular,Phnom Penh,2026-03-14
CUST-0119,Lim Rathana,+855 081 606 509,Regular,Siem Reap,2026-02-17
CUST-0120,Chea Samnang,+855 088 105 868,Regular,Siem Reap,2025-04-07
CUST-0121,Seng Vannak,+855 089 280 923,Gold,Siem Reap,2025-02-16
CUST-0122,Lim Boramey,+855 086 151 670,Regular,Siem Reap,2026-02-14
CUST-0123,Seng Sovann,+855 077 920 575,Regular,Phnom Penh,2025-07-15
CUST-0124,Sin Socheat,+855 098 424 873,Gold,Phnom Penh,2025-03-22
CUST-0125,Mao Makara,+855 088 616 536,Gold,Sihanoukville,2025-04-22
CUST-0126,Yin Sovann,+855 077 861 982,Regular,Phnom Penh,2025-10-21
CUST-0127,Mao Sophal,+855 089 960 752,Regular,Phnom Penh,2026-01-31
CUST-0128,Sin Phalla,+855 097 344 381,Regular,Siem Reap,2025-11-08
CUST-0129,Ouk Rathana,+855 092 340 378,Regular,Phnom Penh,2026-01-01
CUST-0130,Sok Socheat,+855 017 241 254,Silver,Phnom Penh,2026-02-23
CUST-0131,Tep Rathana,+855 077 823 319,Silver,Phnom Penh,2026-05-20
CUST-0132,Ung Vannak,+855 070 655 577,Regular,Siem Reap,2025-11-21
CUST-0133,Kim Kalyan,+855 081 498 888,Regular,Battambang,2025-08-26
CUST-0134,Lim Sokha,+855 098 489 588,Silver,Battambang,2026-06-18
CUST-0135,Khun Mony,+855 081 973 955,Regular,Phnom Penh,2025-11-19
CUST-0136,Yin Visal,+855 088 659 919,Silver,Battambang,2025-08-17
CUST-0137,Keo Phalla,+855 089 379 546,Platinum,Phnom Penh,2025-10-16
CUST-0138,Meas Kosal,+855 070 784 795,Regular,Battambang,2025-05-09
CUST-0139,Tep Visal,+855 077 960 578,Regular,Sihanoukville,2025-03-08
CUST-0140,Chea Makara,+855 093 127 503,Silver,Phnom Penh,2025-08-22
CUST-0141,Nhem Chenda,+855 012 185 758,Silver,Battambang,2025-11-14
CUST-0142,Chea Sovann,+855 077 151 366,Regular,Sihanoukville,2025-12-09
CUST-0143,Sok Kalyan,+855 086 434 445,Regular,Battambang,2025-05-28
CUST-0144,Tep Sophal,+855 081 358 954,Regular,Sihanoukville,2026-05-11
CUST-0145,Prom Sokha,+855 088 652 153,Regular,Phnom Penh,2025-02-19
CUST-0146,Khun Rithy,+855 097 170 899,Gold,Phnom Penh,2025-02-16
CUST-0147,Chou Bopha,+855 012 353 304,Regular,Kandal,2025-04-18
CUST-0148,Meas Makara,+855 077 344 229,Gold,Siem Reap,2025-10-22
CUST-0149,Chhorn Veasna,+855 098 323 576,Regular,Phnom Penh,2025-06-28
CUST-0150,Ros Theary,+855 077 720 721,Regular,Phnom Penh,2025-06-04
CUST-0151,Lim Veasna,+855 077 418 210,Regular,Battambang,2025-08-29
CUST-0152,Meas Mony,+855 098 793 484,Silver,Battambang,2025-11-30
CUST-0153,Lim Kalyan,+855 017 706 807,Regular,Phnom Penh,2025-04-22
CUST-0154,Chou Rithy,+855 017 813 891,Regular,Phnom Penh,2026-01-18
CUST-0155,Chhorn Makara,+855 017 915 679,Regular,Sihanoukville,2025-05-17
CUST-0156,Kim Theary,+855 093 538 777,Regular,Phnom Penh,2025-12-14
CUST-0157,Ouk Boramey,+855 097 449 112,Regular,Battambang,2025-04-13
CUST-0158,Ung Phalla,+855 017 543 470,Regular,Phnom Penh,2025-07-31
CUST-0159,Mao Rathana,+855 077 545 280,Regular,Siem Reap,2025-06-11
CUST-0160,Sin Samnang,+855 092 730 927,Regular,Battambang,2025-03-08
CUST-0161,Yin Phalla,+855 086 546 945,Silver,Phnom Penh,2025-06-12
CUST-0162,Nhem Sophal,+855 070 972 351,Regular,Kandal,2025-04-22
CUST-0163,Ouk Sophal,+855 086 349 868,Regular,Phnom Penh,2025-10-27
CUST-0164,Nhem Makara,+855 097 488 444,Silver,Sihanoukville,2026-06-07
CUST-0165,Prom Sreymom,+855 077 599 317,Platinum,Battambang,2025-12-22
CUST-0166,Ros Sreymom,+855 092 710 818,Regular,Phnom Penh,2025-03-28
CUST-0167,Ros Socheat,+855 012 629 295,Silver,Siem Reap,2026-05-09
CUST-0168,Keo Visal,+855 081 600 668,Regular,Sihanoukville,2025-05-29
CUST-0169,Keo Rathana,+855 086 761 828,Regular,Phnom Penh,2025-10-13
CUST-0170,Mao Sokha,+855 017 401 326,Regular,Phnom Penh,2025-11-26
CUST-0171,Lim Rithy,+855 092 779 695,Regular,Phnom Penh,2025-12-15
CUST-0172,Prom Socheat,+855 093 452 535,Regular,Siem Reap,2025-06-05
CUST-0173,Yin Sreymom,+855 070 819 564,Silver,Siem Reap,2026-02-03
CUST-0174,Noun Sophal,+855 089 223 838,Gold,Phnom Penh,2026-03-15
CUST-0175,Sok Veasna,+855 088 648 880,Regular,Battambang,2025-07-03
CUST-0176,Heng Kalyan,+855 089 856 595,Regular,Kandal,2026-01-31
CUST-0177,Vong Chhay,+855 093 711 389,Regular,Kandal,2026-05-01
CUST-0178,Pich Mony,+855 089 469 283,Regular,Sihanoukville,2026-01-18
CUST-0179,Meas Rathana,+855 093 229 380,Regular,Kandal,2026-05-29
CUST-0180,Kim Socheat,+855 092 814 229,Regular,Siem Reap,2025-07-30
CUST-0181,Prom Veasna,+855 012 687 391,Gold,Phnom Penh,2025-10-24
CUST-0182,Prom Sovann,+855 070 288 152,Regular,Siem Reap,2026-02-12
CUST-0183,Prom Veasna,+855 017 510 603,Regular,Siem Reap,2026-05-15
CUST-0184,Nhem Samnang,+855 097 154 255,Regular,Sihanoukville,2026-04-06
CUST-0185,Nhem Mony,+855 017 354 221,Regular,Phnom Penh,2025-09-09
CUST-0186,Ung Makara,+855 098 909 733,Gold,Sihanoukville,2026-02-26
CUST-0187,Sin Kosal,+855 086 553 404,Regular,Siem Reap,2025-04-07
CUST-0188,Nhem Vannak,+855 092 682 735,Regular,Phnom Penh,2026-05-22
CUST-0189,Chhum Visal,+855 017 881 312,Regular,Phnom Penh,2025-08-05
CUST-0190,Pich Sophal,+855 097 183 260,Regular,Phnom Penh,2026-02-19
CUST-0191,Heng Socheat,+855 017 260 102,Platinum,Kandal,2025-11-24
CUST-0192,Mao Rathana,+855 098 581 398,Regular,Phnom Penh,2026-06-05
CUST-0193,Keo Mony,+855 088 389 819,Regular,Battambang,2025-04-07
CUST-0194,Mao Chantha,+855 097 339 370,Regular,Phnom Penh,2025-05-14
CUST-0195,Chou Chhay,+855 097 923 302,Gold,Battambang,2025-11-16
CUST-0196,Seng Socheat,+855 089 763 252,Gold,Siem Reap,2025-03-13
CUST-0197,Ros Dara,+855 017 161 269,Regular,Phnom Penh,2025-05-12
CUST-0198,Noun Makara,+855 088 944 682,Gold,Battambang,2025-03-07
CUST-0199,Noun Sovann,+855 017 579 805,Regular,Phnom Penh,2026-01-17
CUST-0200,Lim Kosal,+855 092 612 652,Regular,Battambang,2025-10-12
CUST-0201,Mao Chantha,+855 098 140 542,Platinum,Phnom Penh,2025-06-10
CUST-0202,Sok Makara,+855 092 126 193,Regular,Phnom Penh,2026-02-24
CUST-0203,Chhorn Chhay,+855 098 121 883,Gold,Battambang,2025-07-12
CUST-0204,Ros Chhay,+855 012 881 874,Silver,Phnom Penh,2026-03-24
CUST-0205,Prom Boramey,+855 097 552 384,Regular,Phnom Penh,2026-03-21
CUST-0206,Nhem Vannak,+855 097 933 603,Regular,Battambang,2026-05-06
CUST-0207,Prom Theary,+855 081 441 428,Silver,Kandal,2025-07-13
CUST-0208,Seng Piseth,+855 070 521 810,Platinum,Siem Reap,2025-10-11
CUST-0209,Noun Chenda,+855 081 933 878,Silver,Sihanoukville,2025-09-13
CUST-0210,Kim Sovann,+855 017 422 358,Silver,Phnom Penh,2026-01-07
CUST-0211,Seng Kosal,+855 093 944 101,Regular,Phnom Penh,2025-07-20
CUST-0212,Yin Sovann,+855 081 155 292,Gold,Siem Reap,2025-09-29
CUST-0213,Khun Makara,+855 086 740 552,Regular,Siem Reap,2025-05-28
CUST-0214,Kim Kalyan,+855 092 662 234,Regular,Phnom Penh,2025-03-04
CUST-0215,Noun Sovann,+855 088 596 224,Regular,Siem Reap,2026-06-07
CUST-0216,Chou Makara,+855 089 826 262,Regular,Battambang,2026-01-13
CUST-0217,Yin Sokha,+855 093 517 195,Regular,Battambang,2026-02-26
CUST-0218,Seng Sovann,+855 017 763 952,Regular,Siem Reap,2026-04-04
CUST-0219,Prom Rathana,+855 092 621 822,Silver,Phnom Penh,2026-02-02
CUST-0220,Ung Phalla,+855 086 349 567,Regular,Phnom Penh,2025-09-12
CUST-0221,Chea Kosal,+855 089 713 620,Silver,Siem Reap,2025-06-04
CUST-0222,Chea Chantha,+855 092 891 908,Silver,Phnom Penh,2025-04-10
CUST-0223,Ung Sreymom,+855 093 373 940,Regular,Phnom Penh,2026-06-20
CUST-0224,Noun Visal,+855 092 957 701,Regular,Siem Reap,2025-08-29
CUST-0225,Chhorn Phalla,+855 077 557 651,Regular,Phnom Penh,2025-10-17
CUST-0226,Khun Sreymom,+855 093 881 656,Gold,Phnom Penh,2025-12-10
CUST-0227,Mao Sreymom,+855 089 814 344,Regular,Battambang,2025-09-02
CUST-0228,Tep Rithy,+855 081 144 425,Regular,Siem Reap,2025-06-05
CUST-0229,Prom Rathana,+855 081 495 779,Silver,Sihanoukville,2025-05-12
CUST-0230,Chou Dara,+855 086 137 229,Regular,Sihanoukville,2025-10-07
CUST-0231,Nhem Sreymom,+855 017 995 965,Regular,Phnom Penh,2025-11-08
CUST-0232,Seng Boramey,+855 086 115 839,Regular,Kandal,2026-04-09
CUST-0233,Ung Samnang,+855 077 176 580,Regular,Phnom Penh,2025-05-17
CUST-0234,Ros Sreymom,+855 098 809 507,Regular,Phnom Penh,2025-07-24
CUST-0235,Ouk Sreymom,+855 097 979 646,Regular,Phnom Penh,2025-12-09
CUST-0236,Sok Samnang,+855 088 877 599,Regular,Phnom Penh,2025-04-01
CUST-0237,Yin Bopha,+855 098 170 340,Regular,Siem Reap,2025-08-02
CUST-0238,Chhorn Mony,+855 089 864 192,Regular,Phnom Penh,2025-11-11
CUST-0239,Seng Samnang,+855 088 993 202,Gold,Phnom Penh,2025-11-06
CUST-0240,Heng Rathana,+855 092 129 147,Regular,Phnom Penh,2026-01-06
CUST-0241,Kim Mony,+855 070 483 541,Regular,Phnom Penh,2026-04-08
CUST-0242,Keo Boramey,+855 081 679 798,Regular,Phnom Penh,2025-05-12
CUST-0243,Heng Piseth,+855 077 180 724,Regular,Phnom Penh,2025-04-02
CUST-0244,Tep Makara,+855 097 346 609,Regular,Phnom Penh,2025-03-11
CUST-0245,Nhem Dara,+855 089 572 753,Regular,Phnom Penh,2026-02-11
CUST-0246,Mao Sophal,+855 097 109 923,Regular,Siem Reap,2025-10-26
CUST-0247,Noun Chenda,+855 093 261 175,Regular,Battambang,2025-11-07
CUST-0248,Khun Chhay,+855 092 754 534,Regular,Phnom Penh,2025-07-03
CUST-0249,Ros Sovann,+855 092 303 493,Silver,Sihanoukville,2025-04-11
CUST-0250,Prom Veasna,+855 089 490 685,Regular,Phnom Penh,2025-12-20
CUST-0251,Nhem Mony,+855 088 402 122,Silver,Battambang,2025-04-23
CUST-0252,Chhorn Kosal,+855 092 108 679,Regular,Phnom Penh,2025-04-05
CUST-0253,Chhorn Visal,+855 012 720 863,Regular,Phnom Penh,2025-10-10
CUST-0254,Noun Rithy,+855 098 921 460,Regular,Phnom Penh,2026-03-01
CUST-0255,Chou Kalyan,+855 098 356 794,Regular,Battambang,2025-05-31
CUST-0256,Vong Chenda,+855 097 958 240,Regular,Phnom Penh,2025-08-04
CUST-0257,Seng Samnang,+855 097 140 416,Silver,Sihanoukville,2025-05-14
CUST-0258,Mao Bopha,+855 098 473 849,Regular,Phnom Penh,2026-04-15
CUST-0259,Ouk Mony,+855 070 865 525,Regular,Phnom Penh,2026-03-24
CUST-0260,Pich Dara,+855 093 997 474,Regular,Phnom Penh,2025-09-23
CUST-0261,Sin Sophal,+855 077 363 944,Regular,Phnom Penh,2025-02-23
CUST-0262,Prom Mony,+855 088 991 446,Regular,Phnom Penh,2025-05-06
CUST-0263,Seng Sovann,+855 017 244 872,Regular,Phnom Penh,2026-02-26
CUST-0264,Chhorn Visal,+855 097 506 966,Regular,Sihanoukville,2025-05-06
CUST-0265,Yin Theary,+855 017 909 504,Regular,Siem Reap,2026-06-14
CUST-0266,Ros Socheat,+855 017 565 477,Silver,Phnom Penh,2025-07-12
CUST-0267,Vong Chenda,+855 092 698 490,Regular,Phnom Penh,2025-04-26
CUST-0268,Chou Theary,+855 017 791 339,Regular,Battambang,2025-10-23
CUST-0269,Meas Makara,+855 093 435 724,Regular,Phnom Penh,2026-02-28
CUST-0270,Chou Chantha,+855 097 943 575,Regular,Phnom Penh,2025-03-13
CUST-0271,Lim Mony,+855 097 518 219,Regular,Siem Reap,2026-04-11
CUST-0272,Kim Bopha,+855 092 604 218,Regular,Kandal,2026-05-03
CUST-0273,Keo Socheat,+855 077 497 564,Regular,Phnom Penh,2025-12-14
CUST-0274,Chhorn Visal,+855 088 653 529,Regular,Phnom Penh,2025-08-25
CUST-0275,Vong Visal,+855 077 524 770,Regular,Phnom Penh,2026-05-02
CUST-0276,Prom Makara,+855 081 386 133,Regular,Phnom Penh,2025-07-03
CUST-0277,Khun Kalyan,+855 086 555 341,Regular,Sihanoukville,2025-04-10
CUST-0278,Khun Veasna,+855 097 476 657,Regular,Phnom Penh,2025-03-17
CUST-0279,Chou Theary,+855 012 507 382,Regular,Kandal,2026-03-16
CUST-0280,Seng Sovann,+855 017 778 317,Regular,Phnom Penh,2025-07-28
CUST-0281,Chou Makara,+855 012 151 905,Gold,Battambang,2026-01-02
CUST-0282,Keo Dara,+855 098 310 170,Silver,Phnom Penh,2025-04-23
CUST-0283,Yin Kalyan,+855 098 321 932,Regular,Siem Reap,2025-04-02
CUST-0284,Keo Sreymom,+855 077 907 710,Gold,Siem Reap,2026-06-20
CUST-0285,Ros Dara,+855 077 653 356,Regular,Phnom Penh,2025-05-09
CUST-0286,Heng Veasna,+855 097 987 126,Silver,Phnom Penh,2026-04-15
CUST-0287,Meas Theary,+855 089 702 431,Regular,Phnom Penh,2026-06-13
CUST-0288,Heng Sophal,+855 012 229 859,Regular,Phnom Penh,2025-11-18
CUST-0289,Sin Veasna,+855 088 165 587,Regular,Siem Reap,2025-11-04
CUST-0290,Khun Boramey,+855 098 211 562,Regular,Siem Reap,2025-10-07
CUST-0291,Keo Makara,+855 012 844 902,Regular,Phnom Penh,2025-03-13
CUST-0292,Chhorn Boramey,+855 092 569 758,Regular,Phnom Penh,2026-06-06
CUST-0293,Kim Phalla,+855 081 536 802,Regular,Phnom Penh,2026-04-27
CUST-0294,Prom Rathana,+855 086 175 182,Regular,Kandal,2026-01-08
CUST-0295,Chhum Dara,+855 017 229 381,Regular,Battambang,2025-08-06
CUST-0296,Chou Chhay,+855 093 829 432,Regular,Siem Reap,2025-12-08
CUST-0297,Chhum Boramey,+855 092 564 617,Silver,Siem Reap,2025-08-16
CUST-0298,Ung Veasna,+855 088 217 973,Regular,Phnom Penh,2025-07-21
CUST-0299,Chou Socheat,+855 088 986 320,Regular,Sihanoukville,2025-11-13
CUST-0300,Mao Rithy,+855 081 447 947,Silver,Kandal,2025-11-01
CUST-0301,Tep Vannak,+855 088 197 420,Regular,Battambang,2025-11-15
CUST-0302,Sok Chenda,+855 092 483 256,Gold,Phnom Penh,2025-07-05
CUST-0303,Prom Chantha,+855 017 951 187,Regular,Battambang,2026-05-05
CUST-0304,Ung Veasna,+855 088 856 481,Regular,Battambang,2025-05-02
CUST-0305,Chea Socheat,+855 012 700 675,Regular,Battambang,2025-09-07
CUST-0306,Sok Chenda,+855 017 520 462,Regular,Phnom Penh,2025-03-31
CUST-0307,Chhorn Vannak,+855 088 152 394,Regular,Battambang,2025-08-18
CUST-0308,Noun Theary,+855 017 691 619,Regular,Phnom Penh,2026-03-05
CUST-0309,Chea Chenda,+855 086 329 967,Regular,Battambang,2026-04-27
CUST-0310,Khun Socheat,+855 070 217 880,Regular,Battambang,2026-01-30
CUST-0311,Nhem Rithy,+855 081 965 674,Regular,Phnom Penh,2025-05-25
CUST-0312,Chhum Makara,+855 097 758 670,Regular,Phnom Penh,2026-06-08
CUST-0313,Chhum Chenda,+855 088 373 129,Silver,Phnom Penh,2026-03-21
CUST-0314,Ros Rathana,+855 092 447 459,Regular,Sihanoukville,2026-06-18
CUST-0315,Heng Dara,+855 098 773 510,Regular,Phnom Penh,2026-05-17
CUST-0316,Chea Visal,+855 097 131 193,Gold,Siem Reap,2025-06-04
CUST-0317,Sin Kalyan,+855 081 529 564,Regular,Sihanoukville,2025-12-29
CUST-0318,Heng Theary,+855 092 838 432,Regular,Phnom Penh,2025-05-20
CUST-0319,Nhem Makara,+855 017 153 259,Regular,Battambang,2026-04-02
CUST-0320,Chhum Bopha,+855 097 183 378,Regular,Phnom Penh,2025-11-07
CUST-0321,Chhorn Vannak,+855 086 721 552,Gold,Battambang,2025-11-21
CUST-0322,Ros Kalyan,+855 093 216 453,Regular,Phnom Penh,2025-11-13
CUST-0323,Seng Mony,+855 097 794 707,Regular,Battambang,2025-10-15
CUST-0324,Sin Chenda,+855 092 146 325,Regular,Siem Reap,2025-12-01
CUST-0325,Chhum Bopha,+855 012 309 408,Silver,Battambang,2025-02-22
CUST-0326,Pich Dara,+855 092 396 435,Regular,Battambang,2026-04-21
CUST-0327,Meas Phalla,+855 088 540 279,Regular,Battambang,2026-04-16
CUST-0328,Tep Socheat,+855 088 335 612,Regular,Phnom Penh,2025-09-08
CUST-0329,Chhorn Theary,+855 017 506 982,Silver,Phnom Penh,2025-06-07
CUST-0330,Kim Vannak,+855 012 570 179,Regular,Siem Reap,2025-04-06
CUST-0331,Sok Chhay,+855 081 687 514,Silver,Siem Reap,2025-06-23
CUST-0332,Chou Vannak,+855 092 217 514,Regular,Phnom Penh,2026-06-11
CUST-0333,Sok Piseth,+855 098 571 951,Regular,Phnom Penh,2025-07-03
CUST-0334,Khun Chantha,+855 081 964 208,Regular,Sihanoukville,2026-02-17
CUST-0335,Ung Chhay,+855 081 636 180,Regular,Phnom Penh,2025-12-01
CUST-0336,Noun Visal,+855 070 326 441,Regular,Sihanoukville,2025-05-19
CUST-0337,Heng Chantha,+855 093 748 216,Regular,Siem Reap,2025-09-23
CUST-0338,Sin Kalyan,+855 070 459 844,Regular,Siem Reap,2025-02-16
CUST-0339,Chou Dara,+855 089 205 249,Regular,Battambang,2026-02-10
CUST-0340,Pich Piseth,+855 098 256 878,Gold,Siem Reap,2025-05-29
CUST-0341,Chou Chantha,+855 077 891 743,Regular,Sihanoukville,2025-10-12
CUST-0342,Mao Chhay,+855 098 559 797,Silver,Phnom Penh,2025-03-05
CUST-0343,Nhem Samnang,+855 097 739 430,Regular,Siem Reap,2025-04-05
CUST-0344,Chou Sreymom,+855 077 550 169,Regular,Battambang,2025-10-24
CUST-0345,Mao Samnang,+855 092 915 381,Gold,Sihanoukville,2025-08-23
CUST-0346,Kim Theary,+855 093 175 417,Regular,Phnom Penh,2025-10-28
CUST-0347,Mao Bopha,+855 012 477 951,Platinum,Battambang,2026-01-26
CUST-0348,Ouk Samnang,+855 017 729 708,Regular,Sihanoukville,2025-10-05
CUST-0349,Tep Sovann,+855 098 667 910,Silver,Phnom Penh,2025-06-08
CUST-0350,Kim Sovann,+855 098 767 292,Regular,Phnom Penh,2026-01-08
CUST-0351,Chhum Phalla,+855 093 254 163,Regular,Phnom Penh,2025-11-03
CUST-0352,Seng Sreymom,+855 088 186 616,Silver,Phnom Penh,2025-07-26
CUST-0353,Heng Bopha,+855 089 824 548,Regular,Phnom Penh,2025-11-09
CUST-0354,Sin Boramey,+855 098 262 472,Regular,Sihanoukville,2025-12-13
CUST-0355,Noun Kosal,+855 081 893 446,Regular,Phnom Penh,2025-07-09
CUST-0356,Chhum Bopha,+855 097 762 442,Silver,Phnom Penh,2026-05-19
CUST-0357,Sok Veasna,+855 093 794 495,Regular,Phnom Penh,2026-01-27
CUST-0358,Ros Visal,+855 097 717 994,Regular,Phnom Penh,2026-04-06
CUST-0359,Sok Chantha,+855 098 779 244,Regular,Phnom Penh,2025-03-09
CUST-0360,Khun Mony,+855 097 815 778,Gold,Phnom Penh,2025-12-03
CUST-0361,Chea Makara,+855 088 186 417,Regular,Siem Reap,2025-09-08
CUST-0362,Tep Samnang,+855 070 932 230,Regular,Siem Reap,2025-07-13
CUST-0363,Lim Visal,+855 097 639 195,Regular,Kandal,2025-07-26
CUST-0364,Chhorn Vannak,+855 093 470 118,Regular,Phnom Penh,2025-12-18
CUST-0365,Noun Piseth,+855 089 449 884,Regular,Kandal,2025-10-16
CUST-0366,Pich Rithy,+855 077 258 179,Regular,Siem Reap,2026-01-21
CUST-0367,Seng Boramey,+855 093 955 856,Regular,Battambang,2025-03-26
CUST-0368,Sin Bopha,+855 097 444 997,Regular,Sihanoukville,2025-05-25
CUST-0369,Chhum Dara,+855 098 485 257,Regular,Phnom Penh,2026-03-30
CUST-0370,Heng Rathana,+855 098 928 269,Regular,Phnom Penh,2025-06-17
CUST-0371,Mao Bopha,+855 081 473 792,Regular,Phnom Penh,2025-06-18
CUST-0372,Keo Sovann,+855 098 391 870,Silver,Phnom Penh,2025-06-03
CUST-0373,Mao Rithy,+855 093 344 416,Regular,Phnom Penh,2025-05-03
CUST-0374,Prom Kalyan,+855 070 794 684,Regular,Siem Reap,2025-11-08
CUST-0375,Mao Mony,+855 081 614 640,Regular,Phnom Penh,2025-11-19
CUST-0376,Heng Kalyan,+855 098 241 993,Silver,Sihanoukville,2026-02-13
CUST-0377,Kim Samnang,+855 086 995 480,Regular,Phnom Penh,2025-09-11
CUST-0378,Seng Rathana,+855 093 971 227,Regular,Phnom Penh,2026-01-27
CUST-0379,Ouk Piseth,+855 092 560 625,Regular,Phnom Penh,2026-04-07
CUST-0380,Ung Chantha,+855 089 936 561,Silver,Siem Reap,2025-03-26
CUST-0381,Khun Sokha,+855 081 154 505,Regular,Phnom Penh,2025-10-07
CUST-0382,Khun Rithy,+855 081 183 483,Regular,Siem Reap,2026-02-27
CUST-0383,Meas Sreymom,+855 017 959 831,Regular,Phnom Penh,2025-07-24
CUST-0384,Sok Dara,+855 077 139 393,Silver,Phnom Penh,2025-03-09
CUST-0385,Prom Rathana,+855 077 877 822,Regular,Phnom Penh,2025-10-24
CUST-0386,Mao Makara,+855 012 181 119,Regular,Phnom Penh,2026-02-10
CUST-0387,Pich Dara,+855 093 844 723,Silver,Battambang,2025-09-24
CUST-0388,Ung Veasna,+855 092 343 408,Silver,Phnom Penh,2026-04-20
CUST-0389,Kim Rithy,+855 081 754 912,Regular,Phnom Penh,2025-08-07
CUST-0390,Mao Chantha,+855 017 956 611,Regular,Sihanoukville,2025-08-20
CUST-0391,Yin Sokha,+855 097 627 688,Regular,Phnom Penh,2026-02-18
CUST-0392,Lim Dara,+855 092 539 101,Regular,Phnom Penh,2025-08-11
CUST-0393,Khun Rithy,+855 098 526 291,Regular,Siem Reap,2025-07-16
CUST-0394,Chhorn Chantha,+855 093 469 169,Regular,Sihanoukville,2025-02-18
CUST-0395,Sin Socheat,+855 093 905 619,Silver,Phnom Penh,2025-09-11
CUST-0396,Meas Kosal,+855 086 144 750,Regular,Phnom Penh,2025-12-05
CUST-0397,Khun Sophal,+855 088 116 465,Regular,Phnom Penh,2025-05-14
CUST-0398,Ouk Theary,+855 089 850 772,Regular,Phnom Penh,2025-08-04
CUST-0399,Seng Chhay,+855 088 874 440,Regular,Phnom Penh,2026-04-14
CUST-0400,Kim Theary,+855 093 446 933,Regular,Sihanoukville,2025-07-27
CUST-0401,Heng Chenda,+855 086 812 590,Silver,Phnom Penh,2025-08-02
CUST-0402,Heng Dara,+855 017 833 894,Silver,Phnom Penh,2025-02-23
CUST-0403,Mao Bopha,+855 092 306 144,Gold,Battambang,2025-05-12
CUST-0404,Pich Bopha,+855 070 417 627,Regular,Phnom Penh,2025-11-30
CUST-0405,Yin Phalla,+855 092 137 871,Regular,Phnom Penh,2025-07-25
CUST-0406,Pich Mony,+855 070 982 899,Regular,Phnom Penh,2026-05-28
CUST-0407,Chou Sreymom,+855 092 227 918,Regular,Battambang,2025-12-15
CUST-0408,Ung Kosal,+855 088 550 495,Platinum,Phnom Penh,2025-12-30
CUST-0409,Heng Phalla,+855 088 609 476,Regular,Phnom Penh,2025-03-05
CUST-0410,Sin Sophal,+855 017 844 534,Regular,Sihanoukville,2026-05-12
CUST-0411,Ung Makara,+855 077 658 400,Regular,Siem Reap,2026-01-08
CUST-0412,Seng Chantha,+855 070 776 402,Regular,Siem Reap,2026-01-16
CUST-0413,Mao Makara,+855 088 536 270,Regular,Battambang,2025-07-03
CUST-0414,Mao Theary,+855 086 143 844,Regular,Phnom Penh,2025-04-02
CUST-0415,Khun Makara,+855 081 381 754,Regular,Sihanoukville,2025-05-12
CUST-0416,Kim Chantha,+855 097 752 515,Silver,Siem Reap,2025-12-17
CUST-0417,Sin Visal,+855 097 263 131,Regular,Siem Reap,2026-04-09
CUST-0418,Chhum Chenda,+855 086 135 229,Regular,Sihanoukville,2026-05-18
CUST-0419,Keo Samnang,+855 070 470 492,Regular,Phnom Penh,2025-02-20
CUST-0420,Nhem Bopha,+855 098 257 795,Regular,Phnom Penh,2025-11-03
CUST-0421,Khun Theary,+855 086 881 178,Regular,Battambang,2025-09-01
CUST-0422,Chea Boramey,+855 070 507 421,Regular,Siem Reap,2025-07-24
CUST-0423,Ros Rithy,+855 017 126 853,Regular,Phnom Penh,2026-03-18
CUST-0424,Prom Boramey,+855 081 675 220,Regular,Phnom Penh,2026-02-07
CUST-0425,Ros Rathana,+855 086 319 726,Silver,Phnom Penh,2026-01-26
CUST-0426,Lim Phalla,+855 089 225 238,Regular,Phnom Penh,2025-04-11
CUST-0427,Ouk Sovann,+855 077 830 555,Regular,Sihanoukville,2026-05-08
CUST-0428,Chhorn Sreymom,+855 097 455 826,Silver,Phnom Penh,2026-05-19
CUST-0429,Yin Socheat,+855 092 407 971,Regular,Phnom Penh,2026-04-02
CUST-0430,Lim Rathana,+855 088 753 278,Regular,Phnom Penh,2025-05-11
CUST-0431,Khun Boramey,+855 089 224 305,Regular,Siem Reap,2025-05-12
CUST-0432,Chea Rithy,+855 086 126 469,Regular,Battambang,2025-09-11
CUST-0433,Nhem Theary,+855 086 922 664,Regular,Phnom Penh,2026-04-16
CUST-0434,Chhum Chantha,+855 017 416 507,Silver,Phnom Penh,2025-06-19
CUST-0435,Vong Phalla,+855 093 520 887,Regular,Phnom Penh,2025-11-24
CUST-0436,Nhem Chantha,+855 077 424 757,Regular,Battambang,2026-05-15
CUST-0437,Mao Sovann,+855 097 629 452,Silver,Siem Reap,2026-04-17
CUST-0438,Yin Samnang,+855 098 286 886,Regular,Siem Reap,2026-04-16
CUST-0439,Ung Boramey,+855 012 951 227,Regular,Phnom Penh,2025-09-29
CUST-0440,Chea Mony,+855 077 265 430,Gold,Phnom Penh,2025-02-28
CUST-0441,Lim Rithy,+855 070 631 390,Gold,Phnom Penh,2025-04-14
CUST-0442,Ouk Sophal,+855 089 750 664,Regular,Phnom Penh,2026-02-01
CUST-0443,Chea Samnang,+855 092 729 646,Silver,Battambang,2026-05-05
CUST-0444,Sin Samnang,+855 077 706 694,Silver,Siem Reap,2026-04-04
CUST-0445,Heng Chenda,+855 098 837 719,Regular,Battambang,2025-12-31
CUST-0446,Nhem Bopha,+855 012 183 146,Regular,Phnom Penh,2025-02-21
CUST-0447,Chou Chhay,+855 092 766 315,Regular,Kandal,2025-05-25
CUST-0448,Nhem Vannak,+855 098 754 131,Gold,Phnom Penh,2025-10-10
CUST-0449,Chou Socheat,+855 092 757 409,Silver,Sihanoukville,2025-10-17
CUST-0450,Keo Chenda,+855 081 404 564,Regular,Siem Reap,2026-05-15
CUST-0451,Lim Bopha,+855 077 550 525,Gold,Phnom Penh,2025-10-17
CUST-0452,Mao Kalyan,+855 070 721 247,Regular,Phnom Penh,2026-01-12
CUST-0453,Lim Sreymom,+855 088 981 453,Gold,Kandal,2025-11-29
CUST-0454,Chea Theary,+855 093 675 208,Gold,Phnom Penh,2026-01-09
CUST-0455,Keo Sovann,+855 017 373 560,Silver,Battambang,2026-02-15
CUST-0456,Chea Veasna,+855 012 397 493,Regular,Battambang,2025-04-05
CUST-0457,Chhum Vannak,+855 089 986 263,Regular,Siem Reap,2025-05-01
CUST-0458,Sok Chhay,+855 088 420 294,Regular,Phnom Penh,2025-05-27
CUST-0459,Heng Phalla,+855 093 578 610,Regular,Siem Reap,2025-03-28
CUST-0460,Noun Phalla,+855 012 192 502,Regular,Siem Reap,2025-10-06
CUST-0461,Mao Rithy,+855 089 697 461,Regular,Phnom Penh,2026-05-28
CUST-0462,Kim Mony,+855 086 711 963,Regular,Battambang,2025-07-22
CUST-0463,Chhorn Phalla,+855 092 649 108,Regular,Siem Reap,2025-04-14
CUST-0464,Seng Vannak,+855 077 370 844,Gold,Siem Reap,2025-12-16
CUST-0465,Tep Theary,+855 012 510 152,Regular,Phnom Penh,2025-09-03
CUST-0466,Yin Kalyan,+855 070 666 395,Silver,Phnom Penh,2026-05-15
CUST-0467,Tep Boramey,+855 086 882 663,Silver,Phnom Penh,2026-01-29
CUST-0468,Chhum Chenda,+855 098 221 231,Gold,Battambang,2026-05-03
CUST-0469,Tep Theary,+855 070 671 474,Platinum,Phnom Penh,2025-05-31
CUST-0470,Chea Kalyan,+855 098 621 511,Silver,Phnom Penh,2025-10-08
CUST-0471,Kim Bopha,+855 012 240 830,Regular,Siem Reap,2026-01-02
CUST-0472,Prom Boramey,+855 086 252 720,Silver,Kandal,2025-03-21
CUST-0473,Sin Dara,+855 070 727 426,Silver,Phnom Penh,2026-03-30
CUST-0474,Tep Makara,+855 088 962 406,Regular,Battambang,2025-08-22
CUST-0475,Sok Boramey,+855 093 645 601,Regular,Phnom Penh,2025-06-24
CUST-0476,Nhem Mony,+855 086 935 117,Regular,Phnom Penh,2025-12-15
CUST-0477,Sok Chenda,+855 017 526 697,Regular,Phnom Penh,2026-01-15
CUST-0478,Vong Rathana,+855 097 127 711,Regular,Phnom Penh,2025-10-22
CUST-0479,Ros Samnang,+855 098 691 333,Platinum,Phnom Penh,2025-06-17
CUST-0480,Kim Chhay,+855 086 274 636,Regular,Siem Reap,2025-08-03
CUST-0481,Vong Makara,+855 081 251 941,Regular,Sihanoukville,2025-07-08
CUST-0482,Keo Bopha,+855 098 817 212,Silver,Phnom Penh,2026-03-16
CUST-0483,Meas Sovann,+855 070 528 255,Regular,Battambang,2025-11-22
CUST-0484,Lim Kalyan,+855 081 613 893,Gold,Phnom Penh,2025-08-12
CUST-0485,Prom Visal,+855 088 163 822,Regular,Phnom Penh,2026-04-12
CUST-0486,Sin Kalyan,+855 093 432 778,Platinum,Phnom Penh,2025-10-20
CUST-0487,Sin Kosal,+855 070 277 570,Gold,Siem Reap,2025-03-11
CUST-0488,Yin Sreymom,+855 093 462 792,Regular,Phnom Penh,2025-05-22
CUST-0489,Vong Chenda,+855 097 922 809,Regular,Phnom Penh,2026-02-06
CUST-0490,Chhum Phalla,+855 089 352 385,Regular,Phnom Penh,2025-09-09
CUST-0491,Noun Rithy,+855 092 889 395,Silver,Phnom Penh,2025-06-26
CUST-0492,Pich Rathana,+855 088 600 424,Regular,Kandal,2025-10-19
CUST-0493,Khun Socheat,+855 088 380 394,Gold,Sihanoukville,2026-04-20
CUST-0494,Nhem Chenda,+855 093 488 504,Platinum,Phnom Penh,2025-04-28
CUST-0495,Khun Dara,+855 092 143 394,Regular,Battambang,2025-02-17
CUST-0496,Lim Chantha,+855 070 552 771,Regular,Phnom Penh,2026-02-10
CUST-0497,Vong Phalla,+855 089 306 947,Silver,Phnom Penh,2025-09-19
CUST-0498,Ros Socheat,+855 088 378 240,Regular,Phnom Penh,2026-04-27
CUST-0499,Chhum Visal,+855 098 345 348,Regular,Siem Reap,2026-05-27
CUST-0500,Chhorn Boramey,+855 089 753 338,Regular,Battambang,2026-05-26
CUST-0501,Seng Vannak,+855 070 834 583,Regular,Phnom Penh,2026-05-01
CUST-0502,Chhorn Dara,+855 012 663 261,Gold,Kandal,2025-11-25
CUST-0503,Chou Phalla,+855 086 766 304,Silver,Battambang,2025-05-30
CUST-0504,Noun Sreymom,+855 092 761 160,Regular,Siem Reap,2025-03-14
CUST-0505,Ouk Samnang,+855 098 337 647,Regular,Phnom Penh,2025-06-08
CUST-0506,Vong Bopha,+855 077 527 957,Regular,Phnom Penh,2026-03-23
CUST-0507,Kim Kosal,+855 086 290 866,Silver,Phnom Penh,2025-04-01
CUST-0508,Noun Bopha,+855 012 405 681,Regular,Phnom Penh,2025-08-17
CUST-0509,Seng Sreymom,+855 092 565 756,Regular,Phnom Penh,2025-09-16
CUST-0510,Sin Phalla,+855 077 971 616,Silver,Phnom Penh,2025-10-25
CUST-0511,Ros Kalyan,+855 017 438 266,Regular,Siem Reap,2025-06-12
CUST-0512,Mao Samnang,+855 092 835 290,Silver,Phnom Penh,2026-06-14
CUST-0513,Vong Sreymom,+855 092 681 790,Regular,Siem Reap,2025-05-30
CUST-0514,Pich Piseth,+855 098 976 754,Regular,Battambang,2025-03-19
CUST-0515,Tep Vannak,+855 093 435 188,Silver,Siem Reap,2025-11-28
CUST-0516,Chhorn Veasna,+855 077 243 588,Silver,Battambang,2026-01-07
CUST-0517,Keo Sokha,+855 092 492 341,Silver,Battambang,2025-11-05
CUST-0518,Ros Sreymom,+855 092 696 840,Regular,Siem Reap,2025-09-01
CUST-0519,Meas Sophal,+855 097 468 809,Regular,Battambang,2026-02-21
CUST-0520,Kim Chenda,+855 017 576 414,Regular,Sihanoukville,2026-04-01
CUST-0521,Tep Chenda,+855 093 820 888,Silver,Phnom Penh,2026-01-13
CUST-0522,Lim Veasna,+855 097 402 476,Silver,Phnom Penh,2025-08-11
CUST-0523,Keo Rithy,+855 077 589 256,Regular,Battambang,2025-11-01
CUST-0524,Vong Makara,+855 070 525 818,Regular,Battambang,2025-09-13
CUST-0525,Prom Socheat,+855 097 945 323,Silver,Phnom Penh,2025-05-27
CUST-0526,Keo Chenda,+855 098 994 906,Regular,Phnom Penh,2026-05-11
CUST-0527,Sin Sovann,+855 093 820 470,Regular,Kandal,2026-05-13
CUST-0528,Nhem Veasna,+855 012 948 660,Regular,Phnom Penh,2025-03-16
CUST-0529,Sin Kalyan,+855 098 649 253,Regular,Phnom Penh,2026-03-29
CUST-0530,Sok Boramey,+855 086 219 796,Silver,Phnom Penh,2026-03-08
CUST-0531,Lim Chhay,+855 086 193 622,Silver,Phnom Penh,2025-11-05
CUST-0532,Kim Sovann,+855 077 625 525,Gold,Phnom Penh,2025-10-31
CUST-0533,Nhem Bopha,+855 093 573 788,Regular,Sihanoukville,2025-05-04
CUST-0534,Noun Visal,+855 012 505 360,Regular,Sihanoukville,2025-04-29
CUST-0535,Meas Visal,+855 089 692 174,Regular,Phnom Penh,2026-05-29
CUST-0536,Ung Theary,+855 088 165 654,Regular,Siem Reap,2026-05-22
CUST-0537,Ouk Phalla,+855 012 393 518,Regular,Siem Reap,2026-03-21
CUST-0538,Chea Samnang,+855 088 761 530,Regular,Siem Reap,2025-12-12
CUST-0539,Tep Sovann,+855 081 484 182,Regular,Battambang,2025-07-07
CUST-0540,Chhorn Socheat,+855 077 769 980,Platinum,Kandal,2025-12-25
CUST-0541,Seng Piseth,+855 093 502 641,Silver,Phnom Penh,2026-04-17
CUST-0542,Vong Rithy,+855 012 874 123,Silver,Phnom Penh,2026-01-20
CUST-0543,Mao Chenda,+855 088 657 534,Regular,Phnom Penh,2025-09-22
CUST-0544,Tep Rithy,+855 089 571 454,Regular,Battambang,2026-04-03
CUST-0545,Ros Kalyan,+855 088 883 215,Regular,Phnom Penh,2026-06-05
CUST-0546,Chhorn Vannak,+855 098 884 116,Regular,Kandal,2026-02-18
CUST-0547,Pich Chantha,+855 017 708 134,Regular,Phnom Penh,2025-11-05
CUST-0548,Chhum Chenda,+855 088 993 149,Regular,Battambang,2026-02-16
CUST-0549,Vong Bopha,+855 081 549 339,Regular,Phnom Penh,2025-09-18
CUST-0550,Pich Bopha,+855 077 615 396,Regular,Siem Reap,2026-02-22
CUST-0551,Vong Chhay,+855 070 691 712,Regular,Phnom Penh,2025-05-22
CUST-0552,Chhorn Sreymom,+855 089 409 997,Gold,Phnom Penh,2026-04-09
CUST-0553,Chhorn Boramey,+855 089 523 407,Regular,Sihanoukville,2026-02-01
CUST-0554,Kim Socheat,+855 098 852 279,Regular,Siem Reap,2025-08-05
CUST-0555,Chhorn Vannak,+855 093 607 148,Regular,Phnom Penh,2025-12-27
CUST-0556,Chou Chenda,+855 081 904 637,Platinum,Phnom Penh,2026-01-09
CUST-0557,Lim Vannak,+855 081 252 407,Gold,Phnom Penh,2025-12-11
CUST-0558,Heng Socheat,+855 086 346 969,Regular,Phnom Penh,2026-02-26
CUST-0559,Noun Rathana,+855 077 925 574,Regular,Phnom Penh,2025-03-10
CUST-0560,Kim Socheat,+855 081 526 670,Silver,Phnom Penh,2025-09-23
CUST-0561,Chea Kosal,+855 089 361 308,Gold,Phnom Penh,2026-01-03
CUST-0562,Chou Chantha,+855 086 967 479,Silver,Battambang,2026-05-05
CUST-0563,Yin Visal,+855 089 152 374,Silver,Battambang,2025-12-10
CUST-0564,Chhorn Makara,+855 098 140 994,Silver,Siem Reap,2026-05-15
CUST-0565,Pich Chhay,+855 088 787 672,Regular,Phnom Penh,2026-03-02
CUST-0566,Prom Kalyan,+855 070 410 115,Gold,Siem Reap,2026-03-05
CUST-0567,Pich Visal,+855 017 864 872,Silver,Phnom Penh,2025-10-19
CUST-0568,Keo Rathana,+855 098 820 309,Regular,Phnom Penh,2025-11-30
CUST-0569,Keo Socheat,+855 070 894 389,Regular,Phnom Penh,2025-12-09
CUST-0570,Mao Socheat,+855 097 467 415,Regular,Phnom Penh,2026-02-08
CUST-0571,Khun Boramey,+855 086 577 200,Regular,Siem Reap,2025-05-06
CUST-0572,Vong Phalla,+855 070 308 479,Regular,Battambang,2026-01-12
CUST-0573,Ung Bopha,+855 098 984 326,Regular,Phnom Penh,2025-06-07
CUST-0574,Chea Sokha,+855 092 666 698,Regular,Phnom Penh,2025-08-29
CUST-0575,Vong Vannak,+855 092 256 300,Regular,Phnom Penh,2026-01-04
CUST-0576,Keo Kosal,+855 098 953 351,Regular,Phnom Penh,2025-10-09
CUST-0577,Yin Samnang,+855 097 445 363,Regular,Battambang,2025-05-27
CUST-0578,Prom Visal,+855 097 857 602,Silver,Phnom Penh,2025-10-29
CUST-0579,Heng Visal,+855 070 273 243,Regular,Phnom Penh,2025-06-18
CUST-0580,Yin Phalla,+855 077 655 757,Regular,Kandal,2025-02-16
CUST-0581,Kim Boramey,+855 012 959 967,Regular,Phnom Penh,2026-05-14
CUST-0582,Chhorn Bopha,+855 012 522 240,Regular,Siem Reap,2025-04-16
CUST-0583,Chou Rithy,+855 017 824 254,Regular,Phnom Penh,2026-06-17
CUST-0584,Pich Boramey,+855 086 482 161,Regular,Phnom Penh,2025-08-09
CUST-0585,Chou Chenda,+855 098 594 775,Regular,Phnom Penh,2025-10-15
CUST-0586,Meas Sokha,+855 093 664 521,Regular,Phnom Penh,2026-06-15
CUST-0587,Meas Boramey,+855 088 381 648,Regular,Phnom Penh,2026-01-26
CUST-0588,Meas Boramey,+855 088 790 540,Regular,Siem Reap,2025-05-05
CUST-0589,Heng Veasna,+855 017 636 252,Silver,Phnom Penh,2026-02-18
CUST-0590,Pich Makara,+855 093 358 934,Regular,Phnom Penh,2025-12-22
CUST-0591,Ros Kosal,+855 017 482 515,Regular,Siem Reap,2025-10-29
CUST-0592,Nhem Rithy,+855 088 331 407,Regular,Sihanoukville,2025-07-06
CUST-0593,Ouk Samnang,+855 097 877 132,Regular,Phnom Penh,2026-05-05
CUST-0594,Tep Kosal,+855 081 665 587,Silver,Battambang,2026-05-24
CUST-0595,Chou Sokha,+855 088 275 184,Silver,Battambang,2025-10-09
CUST-0596,Ung Samnang,+855 070 679 978,Regular,Battambang,2026-05-04
CUST-0597,Sin Bopha,+855 089 316 988,Regular,Sihanoukville,2025-07-02
CUST-0598,Nhem Phalla,+855 092 147 176,Regular,Battambang,2025-07-06
CUST-0599,Ros Socheat,+855 098 773 133,Regular,Siem Reap,2026-03-22
CUST-0600,Sok Sokha,+855 089 701 247,Regular,Battambang,2025-06-01
CUST-0601,Lim Kosal,+855 017 406 266,Regular,Phnom Penh,2025-09-06
CUST-0602,Keo Chhay,+855 081 793 653,Regular,Phnom Penh,2026-01-03
CUST-0603,Tep Visal,+855 077 909 805,Silver,Phnom Penh,2025-06-16
CUST-0604,Ouk Boramey,+855 088 454 154,Platinum,Phnom Penh,2026-05-02
CUST-0605,Ung Rithy,+855 017 448 719,Regular,Battambang,2025-05-24
CUST-0606,Chhum Makara,+855 081 892 434,Regular,Phnom Penh,2026-06-06
CUST-0607,Chou Sophal,+855 086 602 333,Regular,Siem Reap,2025-12-21
CUST-0608,Yin Kosal,+855 081 290 796,Regular,Kandal,2025-08-26
CUST-0609,Chhorn Kosal,+855 017 890 733,Platinum,Siem Reap,2026-01-21
CUST-0610,Keo Rathana,+855 017 184 374,Regular,Siem Reap,2026-04-04
CUST-0611,Tep Rathana,+855 097 257 857,Regular,Phnom Penh,2025-12-04
CUST-0612,Sok Theary,+855 017 193 105,Regular,Phnom Penh,2025-02-24
CUST-0613,Noun Sovann,+855 070 879 376,Silver,Siem Reap,2026-04-30
CUST-0614,Chea Chantha,+855 077 541 559,Silver,Phnom Penh,2025-09-09
CUST-0615,Yin Boramey,+855 081 205 126,Regular,Phnom Penh,2026-05-07
CUST-0616,Khun Socheat,+855 017 711 712,Platinum,Phnom Penh,2025-05-16
CUST-0617,Sok Kosal,+855 012 398 523,Silver,Siem Reap,2025-12-05
CUST-0618,Ouk Visal,+855 093 348 685,Regular,Siem Reap,2025-09-28
CUST-0619,Heng Chenda,+855 081 273 242,Regular,Battambang,2026-02-04
CUST-0620,Noun Sophal,+855 086 249 164,Gold,Phnom Penh,2026-03-28
CUST-0621,Ung Sophal,+855 081 406 595,Regular,Siem Reap,2025-05-17
CUST-0622,Ouk Theary,+855 092 352 838,Gold,Phnom Penh,2025-08-05
CUST-0623,Prom Makara,+855 098 300 568,Regular,Siem Reap,2026-04-28
CUST-0624,Chea Mony,+855 012 505 440,Silver,Phnom Penh,2025-04-17
CUST-0625,Chhum Kosal,+855 070 550 442,Silver,Sihanoukville,2025-11-13
CUST-0626,Chou Makara,+855 077 407 428,Regular,Phnom Penh,2025-08-17
CUST-0627,Lim Kalyan,+855 086 421 281,Platinum,Phnom Penh,2025-11-30
CUST-0628,Sok Mony,+855 088 811 748,Silver,Phnom Penh,2025-10-13
CUST-0629,Nhem Rithy,+855 070 485 387,Regular,Battambang,2025-04-29
CUST-0630,Tep Theary,+855 017 677 304,Regular,Phnom Penh,2025-08-22
CUST-0631,Yin Piseth,+855 097 886 663,Regular,Siem Reap,2026-06-08
CUST-0632,Vong Sovann,+855 088 314 548,Regular,Phnom Penh,2025-05-09
CUST-0633,Noun Rathana,+855 017 938 968,Gold,Phnom Penh,2025-05-10
CUST-0634,Ung Chenda,+855 086 242 748,Regular,Phnom Penh,2026-01-17
CUST-0635,Keo Sophal,+855 097 257 832,Silver,Phnom Penh,2025-11-17
CUST-0636,Tep Chantha,+855 086 712 590,Gold,Phnom Penh,2025-08-27
CUST-0637,Tep Socheat,+855 093 990 808,Regular,Phnom Penh,2025-11-19
CUST-0638,Yin Bopha,+855 070 818 931,Regular,Phnom Penh,2025-09-20
CUST-0639,Chhum Samnang,+855 017 211 887,Regular,Battambang,2026-02-14
CUST-0640,Chhorn Chenda,+855 070 270 762,Regular,Phnom Penh,2025-08-12
CUST-0641,Kim Chhay,+855 097 793 762,Regular,Siem Reap,2025-11-29
CUST-0642,Sok Vannak,+855 017 110 200,Regular,Phnom Penh,2026-02-09
CUST-0643,Keo Boramey,+855 088 631 671,Regular,Battambang,2025-08-28
CUST-0644,Lim Chhay,+855 089 556 483,Regular,Phnom Penh,2025-12-03
CUST-0645,Mao Chenda,+855 098 807 612,Silver,Battambang,2026-04-05
CUST-0646,Khun Sokha,+855 086 207 402,Regular,Battambang,2025-11-21
CUST-0647,Ouk Veasna,+855 088 245 456,Regular,Phnom Penh,2026-01-13
CUST-0648,Sok Sovann,+855 089 633 594,Regular,Phnom Penh,2025-12-25
CUST-0649,Prom Veasna,+855 086 839 813,Regular,Sihanoukville,2025-11-02
CUST-0650,Sok Chantha,+855 092 145 929,Regular,Phnom Penh,2025-06-23
CUST-0651,Seng Sokha,+855 070 763 211,Regular,Sihanoukville,2025-07-10
CUST-0652,Heng Visal,+855 089 628 278,Regular,Phnom Penh,2025-09-12
CUST-0653,Heng Sreymom,+855 093 536 573,Regular,Phnom Penh,2026-02-23
CUST-0654,Tep Samnang,+855 077 290 755,Platinum,Kandal,2025-07-20
CUST-0655,Ung Kosal,+855 012 855 728,Regular,Kandal,2025-03-26
CUST-0656,Pich Sovann,+855 098 539 498,Regular,Battambang,2026-06-19
CUST-0657,Lim Kalyan,+855 089 385 870,Regular,Phnom Penh,2025-06-26
CUST-0658,Ouk Chhay,+855 017 918 992,Regular,Siem Reap,2025-09-20
CUST-0659,Heng Theary,+855 070 301 568,Regular,Phnom Penh,2026-04-24
CUST-0660,Ros Chenda,+855 086 640 754,Regular,Siem Reap,2026-01-12
CUST-0661,Chhum Kosal,+855 098 501 701,Regular,Siem Reap,2026-04-24
CUST-0662,Khun Theary,+855 086 732 276,Gold,Phnom Penh,2025-05-01
CUST-0663,Chhorn Rathana,+855 092 729 704,Regular,Phnom Penh,2026-05-09
CUST-0664,Chhorn Dara,+855 070 220 344,Silver,Phnom Penh,2026-01-16
CUST-0665,Seng Piseth,+855 070 810 244,Regular,Battambang,2025-10-03
CUST-0666,Tep Vannak,+855 098 241 688,Gold,Siem Reap,2025-12-07
CUST-0667,Ung Piseth,+855 086 750 650,Regular,Siem Reap,2025-07-01
CUST-0668,Chou Piseth,+855 093 270 601,Silver,Siem Reap,2026-01-25
CUST-0669,Chea Piseth,+855 070 962 561,Regular,Sihanoukville,2025-08-08
CUST-0670,Kim Theary,+855 012 596 239,Regular,Siem Reap,2026-03-14
CUST-0671,Tep Socheat,+855 093 768 606,Regular,Siem Reap,2025-11-24
CUST-0672,Chhorn Phalla,+855 081 827 960,Regular,Siem Reap,2025-11-06
CUST-0673,Prom Piseth,+855 017 678 131,Regular,Siem Reap,2025-05-10
CUST-0674,Keo Mony,+855 012 381 330,Platinum,Phnom Penh,2025-09-19
CUST-0675,Noun Piseth,+855 086 679 860,Platinum,Phnom Penh,2025-05-22
CUST-0676,Prom Socheat,+855 093 215 686,Silver,Battambang,2026-04-24
CUST-0677,Ros Socheat,+855 070 655 942,Regular,Battambang,2025-05-30
CUST-0678,Kim Visal,+855 086 659 323,Silver,Phnom Penh,2025-11-16
CUST-0679,Seng Visal,+855 097 869 353,Regular,Siem Reap,2026-01-20
CUST-0680,Kim Sovann,+855 092 456 982,Silver,Battambang,2025-04-29
CUST-0681,Ouk Sovann,+855 017 894 931,Silver,Phnom Penh,2026-02-20
CUST-0682,Pich Visal,+855 098 805 459,Silver,Phnom Penh,2025-04-07
CUST-0683,Lim Makara,+855 097 538 269,Regular,Phnom Penh,2025-08-10
CUST-0684,Chea Kalyan,+855 089 924 160,Regular,Phnom Penh,2025-09-03
CUST-0685,Khun Socheat,+855 092 711 651,Regular,Siem Reap,2026-03-27
CUST-0686,Sok Rathana,+855 092 396 686,Regular,Phnom Penh,2026-02-05
CUST-0687,Sin Chenda,+855 017 238 868,Regular,Phnom Penh,2025-05-15
CUST-0688,Ung Bopha,+855 092 987 771,Regular,Phnom Penh,2026-04-18
CUST-0689,Lim Dara,+855 089 249 828,Regular,Siem Reap,2026-01-08
CUST-0690,Keo Chenda,+855 081 601 245,Regular,Phnom Penh,2025-08-30
CUST-0691,Chou Sophal,+855 097 524 484,Regular,Battambang,2025-11-02
CUST-0692,Ouk Samnang,+855 017 512 627,Regular,Phnom Penh,2025-06-03
CUST-0693,Ros Rathana,+855 070 565 599,Regular,Phnom Penh,2026-01-05
CUST-0694,Nhem Sokha,+855 088 195 848,Regular,Phnom Penh,2025-10-30
CUST-0695,Chou Chenda,+855 088 466 970,Regular,Phnom Penh,2026-05-20
CUST-0696,Yin Kosal,+855 089 539 944,Regular,Battambang,2026-03-05
CUST-0697,Prom Sophal,+855 070 948 390,Silver,Siem Reap,2025-12-31
CUST-0698,Yin Chhay,+855 077 679 972,Gold,Phnom Penh,2025-10-16
CUST-0699,Sok Chenda,+855 012 147 201,Regular,Phnom Penh,2025-08-05
CUST-0700,Mao Sokha,+855 017 978 261,Regular,Sihanoukville,2025-11-08
CUST-0701,Mao Sokha,+855 081 307 805,Regular,Sihanoukville,2025-03-13
CUST-0702,Chea Samnang,+855 092 262 995,Regular,Sihanoukville,2025-03-01
CUST-0703,Ros Chantha,+855 097 469 356,Regular,Phnom Penh,2026-05-10
CUST-0704,Khun Chenda,+855 097 269 153,Regular,Phnom Penh,2025-12-01
CUST-0705,Chou Mony,+855 088 816 873,Regular,Phnom Penh,2026-02-22
CUST-0706,Ung Samnang,+855 017 820 197,Silver,Phnom Penh,2026-06-21
CUST-0707,Pich Phalla,+855 017 235 707,Regular,Siem Reap,2026-02-26
CUST-0708,Sin Chenda,+855 086 109 108,Silver,Phnom Penh,2025-06-30
CUST-0709,Sok Veasna,+855 081 810 235,Regular,Phnom Penh,2025-10-20
CUST-0710,Ouk Rithy,+855 081 191 848,Regular,Siem Reap,2025-05-05
CUST-0711,Seng Veasna,+855 070 476 406,Regular,Phnom Penh,2026-04-12
CUST-0712,Tep Dara,+855 097 793 246,Silver,Phnom Penh,2026-05-17
CUST-0713,Sin Chhay,+855 012 724 765,Regular,Phnom Penh,2026-03-29
CUST-0714,Mao Theary,+855 088 318 743,Gold,Phnom Penh,2025-06-03
CUST-0715,Chea Vannak,+855 098 803 553,Silver,Siem Reap,2025-04-07
CUST-0716,Pich Chantha,+855 017 243 870,Regular,Siem Reap,2026-04-19
CUST-0717,Nhem Visal,+855 081 459 539,Gold,Siem Reap,2026-01-11
CUST-0718,Chea Rithy,+855 092 760 186,Silver,Sihanoukville,2026-02-14
CUST-0719,Yin Makara,+855 098 838 722,Regular,Phnom Penh,2026-01-27
CUST-0720,Lim Sokha,+855 097 996 408,Regular,Phnom Penh,2026-03-08
CUST-0721,Sin Makara,+855 093 293 865,Silver,Sihanoukville,2025-12-03
CUST-0722,Noun Samnang,+855 012 902 912,Regular,Phnom Penh,2025-02-18
CUST-0723,Keo Phalla,+855 081 215 346,Silver,Phnom Penh,2025-10-09
CUST-0724,Chou Makara,+855 017 640 112,Silver,Phnom Penh,2025-12-19
CUST-0725,Sok Dara,+855 081 981 959,Regular,Phnom Penh,2025-09-03
CUST-0726,Ung Theary,+855 093 799 276,Regular,Phnom Penh,2025-05-27
CUST-0727,Prom Chantha,+855 012 701 169,Regular,Phnom Penh,2026-06-14
CUST-0728,Ros Kalyan,+855 012 161 908,Silver,Battambang,2025-11-30
CUST-0729,Sin Mony,+855 097 829 613,Regular,Phnom Penh,2025-05-25
CUST-0730,Ung Vannak,+855 088 511 184,Regular,Siem Reap,2025-07-29
CUST-0731,Yin Socheat,+855 098 256 384,Regular,Phnom Penh,2026-05-10
CUST-0732,Noun Chantha,+855 093 308 927,Regular,Phnom Penh,2026-04-03
CUST-0733,Yin Sreymom,+855 081 700 749,Regular,Phnom Penh,2025-05-27
CUST-0734,Chou Chenda,+855 097 167 417,Platinum,Phnom Penh,2025-06-29
CUST-0735,Ung Visal,+855 089 159 350,Regular,Phnom Penh,2026-05-08
CUST-0736,Ung Veasna,+855 086 726 723,Regular,Siem Reap,2026-05-24
CUST-0737,Noun Chenda,+855 088 773 858,Regular,Kandal,2026-03-24
CUST-0738,Seng Sokha,+855 088 240 818,Regular,Phnom Penh,2026-06-16
CUST-0739,Heng Phalla,+855 070 635 629,Silver,Siem Reap,2025-05-17
CUST-0740,Vong Sophal,+855 077 480 229,Regular,Phnom Penh,2025-06-03
CUST-0741,Ros Visal,+855 017 889 130,Regular,Sihanoukville,2026-01-01
CUST-0742,Ung Sophal,+855 093 165 369,Regular,Phnom Penh,2025-06-22
CUST-0743,Nhem Samnang,+855 017 608 566,Regular,Phnom Penh,2025-10-03
CUST-0744,Khun Bopha,+855 086 979 680,Regular,Phnom Penh,2026-03-28
CUST-0745,Khun Piseth,+855 092 891 205,Regular,Battambang,2025-03-21
CUST-0746,Nhem Chenda,+855 088 218 333,Regular,Phnom Penh,2025-06-07
CUST-0747,Sin Sokha,+855 012 979 983,Gold,Siem Reap,2026-06-15
CUST-0748,Keo Bopha,+855 086 472 492,Regular,Phnom Penh,2025-03-07
CUST-0749,Chea Piseth,+855 012 666 922,Regular,Siem Reap,2025-03-11
CUST-0750,Lim Visal,+855 097 529 329,Platinum,Siem Reap,2026-01-08
CUST-0751,Keo Vannak,+855 088 427 377,Regular,Battambang,2025-04-25
CUST-0752,Ouk Chhay,+855 070 222 614,Regular,Phnom Penh,2025-07-12
CUST-0753,Kim Piseth,+855 089 923 628,Regular,Kandal,2026-05-29
CUST-0754,Tep Chantha,+855 086 986 389,Regular,Siem Reap,2025-05-21
CUST-0755,Noun Sreymom,+855 017 666 567,Regular,Phnom Penh,2026-06-17
CUST-0756,Khun Kalyan,+855 092 677 903,Regular,Phnom Penh,2026-01-17
CUST-0757,Vong Makara,+855 089 575 477,Silver,Phnom Penh,2025-08-23
CUST-0758,Prom Kalyan,+855 088 659 878,Regular,Battambang,2025-05-10
CUST-0759,Keo Dara,+855 012 519 124,Gold,Phnom Penh,2026-02-22
CUST-0760,Yin Theary,+855 097 959 810,Regular,Phnom Penh,2025-03-29
CUST-0761,Meas Sreymom,+855 012 877 773,Platinum,Sihanoukville,2025-12-11
CUST-0762,Vong Visal,+855 092 206 310,Regular,Battambang,2025-09-23
CUST-0763,Keo Vannak,+855 086 161 245,Regular,Siem Reap,2025-06-22
CUST-0764,Ros Chantha,+855 012 337 965,Regular,Battambang,2025-09-28
CUST-0765,Ung Rathana,+855 070 569 865,Regular,Battambang,2026-05-09
CUST-0766,Nhem Veasna,+855 093 236 752,Silver,Siem Reap,2025-04-28
CUST-0767,Tep Chantha,+855 098 681 163,Regular,Phnom Penh,2025-11-11
CUST-0768,Chhorn Dara,+855 089 398 367,Regular,Phnom Penh,2025-04-12
CUST-0769,Sok Kosal,+855 088 951 853,Regular,Sihanoukville,2026-01-05
CUST-0770,Sok Sovann,+855 092 339 176,Regular,Phnom Penh,2025-02-23
CUST-0771,Pich Dara,+855 098 211 259,Regular,Phnom Penh,2026-04-28
CUST-0772,Heng Sovann,+855 086 421 516,Regular,Phnom Penh,2026-04-21
CUST-0773,Yin Theary,+855 089 562 415,Gold,Phnom Penh,2025-10-27
CUST-0774,Ros Veasna,+855 017 261 926,Platinum,Battambang,2025-07-05
CUST-0775,Noun Rathana,+855 088 717 141,Regular,Sihanoukville,2026-03-03
CUST-0776,Sok Dara,+855 017 828 354,Regular,Battambang,2025-12-21
CUST-0777,Tep Boramey,+855 012 793 406,Regular,Battambang,2026-02-08
CUST-0778,Heng Sokha,+855 081 975 563,Silver,Battambang,2025-09-10
CUST-0779,Vong Socheat,+855 089 196 573,Silver,Phnom Penh,2026-04-30
CUST-0780,Chea Veasna,+855 012 163 950,Regular,Phnom Penh,2025-05-18
CUST-0781,Keo Dara,+855 089 943 510,Regular,Siem Reap,2025-12-13
CUST-0782,Chhorn Samnang,+855 097 186 696,Regular,Kandal,2025-08-25
CUST-0783,Ros Chantha,+855 012 166 302,Regular,Battambang,2025-03-16
CUST-0784,Chou Sovann,+855 077 194 967,Regular,Battambang,2025-04-23
CUST-0785,Sok Veasna,+855 012 572 151,Gold,Phnom Penh,2026-03-27
CUST-0786,Nhem Vannak,+855 088 504 608,Regular,Battambang,2026-06-06
CUST-0787,Tep Chenda,+855 081 276 462,Regular,Phnom Penh,2026-03-04
CUST-0788,Heng Sophal,+855 092 556 252,Regular,Phnom Penh,2026-06-04
CUST-0789,Chhum Makara,+855 098 351 762,Regular,Phnom Penh,2026-01-21
CUST-0790,Prom Vannak,+855 093 590 162,Regular,Phnom Penh,2026-05-08
CUST-0791,Ros Kosal,+855 077 529 304,Gold,Phnom Penh,2025-07-27
CUST-0792,Sin Rithy,+855 097 921 656,Gold,Phnom Penh,2025-05-11
CUST-0793,Meas Kosal,+855 088 467 591,Regular,Phnom Penh,2025-09-16
CUST-0794,Prom Theary,+855 098 614 429,Regular,Phnom Penh,2025-12-05
CUST-0795,Ros Piseth,+855 012 426 711,Regular,Phnom Penh,2026-03-01
CUST-0796,Meas Sophal,+855 012 928 583,Regular,Siem Reap,2025-09-23
CUST-0797,Khun Chhay,+855 089 263 202,Regular,Phnom Penh,2026-02-15
CUST-0798,Chhorn Rithy,+855 092 646 935,Silver,Phnom Penh,2025-05-12
CUST-0799,Vong Bopha,+855 089 689 966,Regular,Kandal,2025-05-09
CUST-0800,Tep Theary,+855 077 280 342,Regular,Siem Reap,2025-08-22
CUST-0801,Sok Visal,+855 088 467 705,Platinum,Phnom Penh,2026-06-07
CUST-0802,Lim Rathana,+855 070 681 677,Regular,Phnom Penh,2026-04-10
CUST-0803,Nhem Kalyan,+855 086 655 416,Regular,Phnom Penh,2026-03-24
CUST-0804,Prom Bopha,+855 017 157 338,Regular,Phnom Penh,2025-08-17
CUST-0805,Keo Sokha,+855 093 589 100,Regular,Kandal,2026-01-03
CUST-0806,Chhum Kalyan,+855 077 448 834,Silver,Siem Reap,2026-03-23
CUST-0807,Sok Bopha,+855 012 251 700,Regular,Siem Reap,2025-06-26
CUST-0808,Chea Veasna,+855 093 981 473,Regular,Phnom Penh,2026-05-15
CUST-0809,Khun Rathana,+855 097 505 700,Regular,Sihanoukville,2026-05-01
CUST-0810,Sok Mony,+855 070 239 261,Regular,Phnom Penh,2025-06-12
CUST-0811,Ung Samnang,+855 086 764 424,Regular,Phnom Penh,2026-03-24
CUST-0812,Lim Socheat,+855 088 728 905,Silver,Battambang,2025-12-21
CUST-0813,Keo Chenda,+855 098 934 279,Silver,Phnom Penh,2025-12-10
CUST-0814,Noun Visal,+855 088 401 230,Regular,Phnom Penh,2026-03-23
CUST-0815,Vong Sokha,+855 088 686 500,Regular,Phnom Penh,2025-04-12
CUST-0816,Nhem Bopha,+855 077 716 425,Silver,Phnom Penh,2025-03-07
CUST-0817,Chhum Rithy,+855 097 679 206,Regular,Phnom Penh,2025-02-27
CUST-0818,Prom Dara,+855 070 863 179,Regular,Phnom Penh,2026-02-20
CUST-0819,Khun Sreymom,+855 077 751 190,Platinum,Battambang,2025-04-27
CUST-0820,Lim Chenda,+855 097 846 443,Gold,Phnom Penh,2025-11-05
CUST-0821,Meas Sophal,+855 089 355 809,Regular,Phnom Penh,2026-05-18
CUST-0822,Khun Sophal,+855 017 837 101,Regular,Battambang,2026-05-28
CUST-0823,Tep Sovann,+855 088 529 270,Regular,Phnom Penh,2025-03-26
CUST-0824,Ung Phalla,+855 081 459 659,Regular,Phnom Penh,2025-12-11
CUST-0825,Seng Phalla,+855 098 766 876,Silver,Phnom Penh,2025-07-05
CUST-0826,Keo Piseth,+855 086 175 918,Regular,Phnom Penh,2025-04-14
CUST-0827,Kim Mony,+855 012 426 367,Regular,Battambang,2025-02-19
CUST-0828,Seng Chantha,+855 070 274 484,Gold,Kandal,2026-03-31
CUST-0829,Vong Chantha,+855 093 195 446,Silver,Phnom Penh,2025-08-21
CUST-0830,Chhum Phalla,+855 088 131 541,Regular,Phnom Penh,2025-02-24
CUST-0831,Chou Piseth,+855 098 544 260,Regular,Battambang,2026-05-25
CUST-0832,Seng Sreymom,+855 089 294 519,Regular,Sihanoukville,2025-06-30
CUST-0833,Yin Visal,+855 088 653 371,Regular,Siem Reap,2025-07-18
CUST-0834,Noun Mony,+855 089 198 150,Regular,Sihanoukville,2025-12-02
CUST-0835,Nhem Socheat,+855 086 257 155,Regular,Siem Reap,2025-12-19
CUST-0836,Meas Vannak,+855 017 401 943,Regular,Phnom Penh,2025-07-18
CUST-0837,Chou Makara,+855 086 304 199,Regular,Battambang,2026-06-08
CUST-0838,Pich Piseth,+855 097 398 183,Regular,Siem Reap,2025-10-22
CUST-0839,Seng Mony,+855 081 582 600,Regular,Phnom Penh,2025-03-20
CUST-0840,Chhorn Sophal,+855 017 757 657,Silver,Phnom Penh,2025-12-05
CUST-0841,Heng Theary,+855 081 478 291,Regular,Phnom Penh,2025-11-05
CUST-0842,Kim Sophal,+855 086 576 369,Gold,Battambang,2026-02-26
CUST-0843,Ros Chhay,+855 012 254 870,Regular,Phnom Penh,2025-06-30
CUST-0844,Chhorn Veasna,+855 017 784 452,Regular,Battambang,2025-05-04
CUST-0845,Yin Vannak,+855 098 332 666,Regular,Phnom Penh,2026-05-21
CUST-0846,Tep Boramey,+855 081 648 803,Regular,Phnom Penh,2025-04-04
CUST-0847,Prom Chhay,+855 089 587 406,Regular,Battambang,2026-05-12
CUST-0848,Tep Rathana,+855 012 614 684,Regular,Phnom Penh,2025-03-17
CUST-0849,Sin Chhay,+855 097 735 250,Regular,Kandal,2026-04-21
CUST-0850,Mao Piseth,+855 077 316 927,Regular,Battambang,2026-03-15
